[    1901ms] [VERBOSE] [DOM] Input elements should have autocomplete attributes (suggested: "current-password"): (More info: https://goo.gl/9p2vKq) %o @ https://kamary.l105.com/inicio/ingresar:0
[   30467ms] [LOG] form.action https://kamary.l105.com/inicio/comprobar @ https://kamary.l105.com/public/js/customlogin.js:38
[   30467ms] [LOG] form.method post @ https://kamary.l105.com/public/js/customlogin.js:39
[   31122ms] [LOG] response de login  {estado: 200, url: https://kamary.l105.com/principal, tiempoInicioSession: 1778598923, tiempoLimite: 7140, tiempoExistenciaSession: 7200} @ https://kamary.l105.com/public/js/customlogin.js:49
[   34041ms] [LOG] %c%s color: red; background: yellow; font-size: 24px; ADVERTENCIA @ https://www.gstatic.com/_/datastudio/_/js/k=datastudio.datastudio.es.PSnce7Om4Yo.2018.O/am=AAAQ/d=1/rs=AHAPuoNXeSC89ZbS3OsDxTugmS_2AtcxdA/m=pm_base:9301
[   34041ms] [LOG] %c%s font-size: 18px; Si usas esta consola, otras personas podrían suplantar tu identidad y robarte datos mediante un ataque Self-XSS.
No escribas ni pegues ningún código que no entiendas. @ https://www.gstatic.com/_/datastudio/_/js/k=datastudio.datastudio.es.PSnce7Om4Yo.2018.O/am=AAAQ/d=1/rs=AHAPuoNXeSC89ZbS3OsDxTugmS_2AtcxdA/m=pm_base:9301
[   34953ms] [VERBOSE] [DOM] Input elements should have autocomplete attributes (suggested: "current-password"): (More info: https://goo.gl/9p2vKq) %o @ https://kamary.l105.com/principal:0
[   34953ms] [VERBOSE] [DOM] Input elements should have autocomplete attributes (suggested: "new-password"): (More info: https://goo.gl/9p2vKq) %o @ https://kamary.l105.com/principal:0
[   34953ms] [VERBOSE] [DOM] Input elements should have autocomplete attributes (suggested: "new-password"): (More info: https://goo.gl/9p2vKq) %o @ https://kamary.l105.com/principal:0
[   36231ms] [WARNING] Google Maps JavaScript API has been loaded directly without loading=async. This can result in suboptimal performance. For best-practice loading patterns please see https://goo.gle/js-api-loading @ https://maps.googleapis.com/maps/api/js?key=AIzaSyAng4TaCSbwmEwKIdn9M0m9ZHpzjAkbMw8&v=3&callback=loadMapsApiCallback&language=es&region=US&libraries=visualization:336
[  606886ms] [VERBOSE] [DOM] Input elements should have autocomplete attributes (suggested: "current-password"): (More info: https://goo.gl/9p2vKq) %o @ https://kamary.l105.com/principal:0
[  606886ms] [VERBOSE] [DOM] Input elements should have autocomplete attributes (suggested: "new-password"): (More info: https://goo.gl/9p2vKq) %o @ https://kamary.l105.com/principal:0
[  606887ms] [VERBOSE] [DOM] Input elements should have autocomplete attributes (suggested: "new-password"): (More info: https://goo.gl/9p2vKq) %o @ https://kamary.l105.com/principal:0
[  608438ms] [LOG] %c%s color: red; background: yellow; font-size: 24px; ADVERTENCIA @ https://www.gstatic.com/_/datastudio/_/js/k=datastudio.datastudio.es.PSnce7Om4Yo.2018.O/am=AAAQ/d=1/rs=AHAPuoNXeSC89ZbS3OsDxTugmS_2AtcxdA/m=pm_base:9301
[  608438ms] [LOG] %c%s font-size: 18px; Si usas esta consola, otras personas podrían suplantar tu identidad y robarte datos mediante un ataque Self-XSS.
No escribas ni pegues ningún código que no entiendas. @ https://www.gstatic.com/_/datastudio/_/js/k=datastudio.datastudio.es.PSnce7Om4Yo.2018.O/am=AAAQ/d=1/rs=AHAPuoNXeSC89ZbS3OsDxTugmS_2AtcxdA/m=pm_base:9301
[  611006ms] [WARNING] Google Maps JavaScript API has been loaded directly without loading=async. This can result in suboptimal performance. For best-practice loading patterns please see https://goo.gle/js-api-loading @ https://maps.googleapis.com/maps/api/js?key=AIzaSyAng4TaCSbwmEwKIdn9M0m9ZHpzjAkbMw8&v=3&callback=loadMapsApiCallback&language=es&region=US&libraries=visualization:336
[  636370ms] [LOG] Google Maps cargado @ https://kamary.l105.com/public/js/cliente.js?v1751507569:1935
[  636410ms] [WARNING] Google Maps JavaScript API has been loaded directly without loading=async. This can result in suboptimal performance. For best-practice loading patterns please see https://goo.gle/js-api-loading @ https://maps.googleapis.com/maps/api/js?key=AIzaSyBBPL41mFwmWqbqcMyUL3A6Y0BcDSs-7d4&language=ES&libraries=places:1519
[  636422ms] [LOG] Google Maps cargado @ https://kamary.l105.com/public/js/pedidoMuestra.js?v1752338097:3154
[  636422ms] [LOG] initEval, pedidoMuestra.js @ https://kamary.l105.com/public/js/pedidoMuestra.js?v1752338097:3157
[  636422ms] Uncaught InvalidValueError: Map: Expected mapDiv of type HTMLElement but was passed null.
    at _.Vm (https://maps.googleapis.com/maps/api/js?key=AIzaSyBBPL41mFwmWqbqcMyUL3A6Y0BcDSs-7d4&language=ES&libraries=places:1389:396)
    at _.fr (https://maps.googleapis.com/maps/api/js?key=AIzaSyBBPL41mFwmWqbqcMyUL3A6Y0BcDSs-7d4&language=ES&libraries=places:1464:273)
    at initEval (https://kamary.l105.com/public/js/pedidoMuestra.js?v1752338097:3159:8)
    at <anonymous> (https://kamary.l105.com/public/js/pedidoMuestra.js?v1752338097:3224:1)
    at dispatch (https://kamary.l105.com/public/js/core/jquery.min.js:2:7518)
    at r.handle (https://kamary.l105.com/public/js/core/jquery.min.js:2:5599)
[  645070ms] [LOG] Google Maps cargado @ https://kamary.l105.com/public/js/cliente.js?v1751507569:1935
[  645095ms] [WARNING] Google Maps JavaScript API has been loaded directly without loading=async. This can result in suboptimal performance. For best-practice loading patterns please see https://goo.gle/js-api-loading @ https://maps.googleapis.com/maps/api/js?key=AIzaSyBBPL41mFwmWqbqcMyUL3A6Y0BcDSs-7d4&language=ES&libraries=places:1519
[  645110ms] [LOG] Google Maps cargado @ https://kamary.l105.com/public/js/pedidoMuestra.js?v1752338097:3154
[  645110ms] [LOG] initEval, pedidoMuestra.js @ https://kamary.l105.com/public/js/pedidoMuestra.js?v1752338097:3157
[  645110ms] Uncaught InvalidValueError: Map: Expected mapDiv of type HTMLElement but was passed null.
    at _.Vm (https://maps.googleapis.com/maps/api/js?key=AIzaSyBBPL41mFwmWqbqcMyUL3A6Y0BcDSs-7d4&language=ES&libraries=places:1389:396)
    at _.fr (https://maps.googleapis.com/maps/api/js?key=AIzaSyBBPL41mFwmWqbqcMyUL3A6Y0BcDSs-7d4&language=ES&libraries=places:1464:273)
    at initEval (https://kamary.l105.com/public/js/pedidoMuestra.js?v1752338097:3159:8)
    at <anonymous> (https://kamary.l105.com/public/js/pedidoMuestra.js?v1752338097:3224:1)
    at dispatch (https://kamary.l105.com/public/js/core/jquery.min.js:2:7518)
    at r.handle (https://kamary.l105.com/public/js/core/jquery.min.js:2:5599)
[  647864ms] [LOG] Google Maps cargado @ https://kamary.l105.com/public/js/cliente.js?v1751507569:1935
[  647874ms] [WARNING] Google Maps JavaScript API has been loaded directly without loading=async. This can result in suboptimal performance. For best-practice loading patterns please see https://goo.gle/js-api-loading @ https://maps.googleapis.com/maps/api/js?key=AIzaSyBBPL41mFwmWqbqcMyUL3A6Y0BcDSs-7d4&language=ES&libraries=places:1519
[  647878ms] [LOG] Google Maps cargado @ https://kamary.l105.com/public/js/pedidoMuestra.js?v1752338097:3154
[  647878ms] [LOG] initEval, pedidoMuestra.js @ https://kamary.l105.com/public/js/pedidoMuestra.js?v1752338097:3157
[  647879ms] Uncaught InvalidValueError: Map: Expected mapDiv of type HTMLElement but was passed null.
    at _.Vm (https://maps.googleapis.com/maps/api/js?key=AIzaSyBBPL41mFwmWqbqcMyUL3A6Y0BcDSs-7d4&language=ES&libraries=places:1389:396)
    at _.fr (https://maps.googleapis.com/maps/api/js?key=AIzaSyBBPL41mFwmWqbqcMyUL3A6Y0BcDSs-7d4&language=ES&libraries=places:1464:273)
    at initEval (https://kamary.l105.com/public/js/pedidoMuestra.js?v1752338097:3159:8)
    at <anonymous> (https://kamary.l105.com/public/js/pedidoMuestra.js?v1752338097:3224:1)
    at dispatch (https://kamary.l105.com/public/js/core/jquery.min.js:2:7518)
    at r.handle (https://kamary.l105.com/public/js/core/jquery.min.js:2:5599)
[  650884ms] [LOG] {estado: 200, msg: Sin datos, registros: 
									<tr>
										<td class='text-center'…Completado</label></td>
									</tr>
								} @ https://kamary.l105.com/public/js/custom2.js?v563501699:15860
[  650884ms] [LOG] #ultimosrequerimientos .table-lista | form-inventario | default | 4 @ https://kamary.l105.com/public/js/custom2.js?v563501699:15861
[  650884ms] [LOG] tipo=inventario&vista=ai @ https://kamary.l105.com/public/js/custom2.js?v563501699:15862
[  655382ms] [LOG] Google Maps cargado @ https://kamary.l105.com/public/js/cliente.js?v1751507569:1935
[  655396ms] [WARNING] Google Maps JavaScript API has been loaded directly without loading=async. This can result in suboptimal performance. For best-practice loading patterns please see https://goo.gle/js-api-loading @ https://maps.googleapis.com/maps/api/js?key=AIzaSyBBPL41mFwmWqbqcMyUL3A6Y0BcDSs-7d4&language=ES&libraries=places:1519
[  655401ms] [LOG] Google Maps cargado @ https://kamary.l105.com/public/js/pedidoMuestra.js?v1752338097:3154
[  655401ms] [LOG] initEval, pedidoMuestra.js @ https://kamary.l105.com/public/js/pedidoMuestra.js?v1752338097:3157
[  655401ms] Uncaught InvalidValueError: Map: Expected mapDiv of type HTMLElement but was passed null.
    at _.Vm (https://maps.googleapis.com/maps/api/js?key=AIzaSyBBPL41mFwmWqbqcMyUL3A6Y0BcDSs-7d4&language=ES&libraries=places:1389:396)
    at _.fr (https://maps.googleapis.com/maps/api/js?key=AIzaSyBBPL41mFwmWqbqcMyUL3A6Y0BcDSs-7d4&language=ES&libraries=places:1464:273)
    at initEval (https://kamary.l105.com/public/js/pedidoMuestra.js?v1752338097:3159:8)
    at <anonymous> (https://kamary.l105.com/public/js/pedidoMuestra.js?v1752338097:3224:1)
    at dispatch (https://kamary.l105.com/public/js/core/jquery.min.js:2:7518)
    at r.handle (https://kamary.l105.com/public/js/core/jquery.min.js:2:5599)
[  655607ms] [LOG] {estado: 200, msg: Sin datos, registros: null} @ https://kamary.l105.com/public/js/custom2.js?v1563351898:15860
[  655607ms] [LOG] #ultimosrequerimientos .table-lista | form-kardex-vista | default | 1 @ https://kamary.l105.com/public/js/custom2.js?v1563351898:15861
[  655608ms] [LOG] tipo=kardex&vista= @ https://kamary.l105.com/public/js/custom2.js?v1563351898:15862
[  658703ms] [LOG] Google Maps cargado @ https://kamary.l105.com/public/js/cliente.js?v1751507569:1935
[  658715ms] [WARNING] Google Maps JavaScript API has been loaded directly without loading=async. This can result in suboptimal performance. For best-practice loading patterns please see https://goo.gle/js-api-loading @ https://maps.googleapis.com/maps/api/js?key=AIzaSyBBPL41mFwmWqbqcMyUL3A6Y0BcDSs-7d4&language=ES&libraries=places:1519
[  658719ms] [LOG] Google Maps cargado @ https://kamary.l105.com/public/js/pedidoMuestra.js?v1752338097:3154
[  658719ms] [LOG] initEval, pedidoMuestra.js @ https://kamary.l105.com/public/js/pedidoMuestra.js?v1752338097:3157
[  658719ms] Uncaught InvalidValueError: Map: Expected mapDiv of type HTMLElement but was passed null.
    at _.Vm (https://maps.googleapis.com/maps/api/js?key=AIzaSyBBPL41mFwmWqbqcMyUL3A6Y0BcDSs-7d4&language=ES&libraries=places:1389:396)
    at _.fr (https://maps.googleapis.com/maps/api/js?key=AIzaSyBBPL41mFwmWqbqcMyUL3A6Y0BcDSs-7d4&language=ES&libraries=places:1464:273)
    at initEval (https://kamary.l105.com/public/js/pedidoMuestra.js?v1752338097:3159:8)
    at <anonymous> (https://kamary.l105.com/public/js/pedidoMuestra.js?v1752338097:3224:1)
    at dispatch (https://kamary.l105.com/public/js/core/jquery.min.js:2:7518)
    at r.handle (https://kamary.l105.com/public/js/core/jquery.min.js:2:5599)
[  662087ms] [LOG] Google Maps cargado @ https://kamary.l105.com/public/js/cliente.js?v1751507569:1935
[  662130ms] [WARNING] Google Maps JavaScript API has been loaded directly without loading=async. This can result in suboptimal performance. For best-practice loading patterns please see https://goo.gle/js-api-loading @ https://maps.googleapis.com/maps/api/js?key=AIzaSyBBPL41mFwmWqbqcMyUL3A6Y0BcDSs-7d4&language=ES&libraries=places:1519
[  662135ms] [LOG] Google Maps cargado @ https://kamary.l105.com/public/js/pedidoMuestra.js?v1752338097:3154
[  662135ms] [LOG] initEval, pedidoMuestra.js @ https://kamary.l105.com/public/js/pedidoMuestra.js?v1752338097:3157
[  662135ms] Uncaught InvalidValueError: Map: Expected mapDiv of type HTMLElement but was passed null.
    at _.Vm (https://maps.googleapis.com/maps/api/js?key=AIzaSyBBPL41mFwmWqbqcMyUL3A6Y0BcDSs-7d4&language=ES&libraries=places:1389:396)
    at _.fr (https://maps.googleapis.com/maps/api/js?key=AIzaSyBBPL41mFwmWqbqcMyUL3A6Y0BcDSs-7d4&language=ES&libraries=places:1464:273)
    at initEval (https://kamary.l105.com/public/js/pedidoMuestra.js?v1752338097:3159:8)
    at <anonymous> (https://kamary.l105.com/public/js/pedidoMuestra.js?v1752338097:3224:1)
    at dispatch (https://kamary.l105.com/public/js/core/jquery.min.js:2:7518)
    at r.handle (https://kamary.l105.com/public/js/core/jquery.min.js:2:5599)
[  667673ms] [LOG] Google Maps cargado @ https://kamary.l105.com/public/js/cliente.js?v1751507569:1935
[  667698ms] [WARNING] Google Maps JavaScript API has been loaded directly without loading=async. This can result in suboptimal performance. For best-practice loading patterns please see https://goo.gle/js-api-loading @ https://maps.googleapis.com/maps/api/js?key=AIzaSyBBPL41mFwmWqbqcMyUL3A6Y0BcDSs-7d4&language=ES&libraries=places:1519
[  667701ms] [LOG] Google Maps cargado @ https://kamary.l105.com/public/js/pedidoMuestra.js?v1752338097:3154
[  667701ms] [LOG] initEval, pedidoMuestra.js @ https://kamary.l105.com/public/js/pedidoMuestra.js?v1752338097:3157
[  667701ms] Uncaught InvalidValueError: Map: Expected mapDiv of type HTMLElement but was passed null.
    at _.Vm (https://maps.googleapis.com/maps/api/js?key=AIzaSyBBPL41mFwmWqbqcMyUL3A6Y0BcDSs-7d4&language=ES&libraries=places:1389:396)
    at _.fr (https://maps.googleapis.com/maps/api/js?key=AIzaSyBBPL41mFwmWqbqcMyUL3A6Y0BcDSs-7d4&language=ES&libraries=places:1464:273)
    at initEval (https://kamary.l105.com/public/js/pedidoMuestra.js?v1752338097:3159:8)
    at <anonymous> (https://kamary.l105.com/public/js/pedidoMuestra.js?v1752338097:3224:1)
    at dispatch (https://kamary.l105.com/public/js/core/jquery.min.js:2:7518)
    at r.handle (https://kamary.l105.com/public/js/core/jquery.min.js:2:5599)
[  670302ms] [LOG] {estado: 200, msg: Sin datos, registros: 
									<tr>
										<td class='text-center'…Completado</label></td>
									</tr>
								} @ https://kamary.l105.com/public/js/custom2.js?v1496709108:15860
[  670303ms] [LOG] #ultimosrequerimientos .table-lista | form-rqcompra | default | 9 @ https://kamary.l105.com/public/js/custom2.js?v1496709108:15861
[  670303ms] [LOG] tipo=requerimiento&vista=ne @ https://kamary.l105.com/public/js/custom2.js?v1496709108:15862
[  676208ms] [LOG] Google Maps cargado @ https://kamary.l105.com/public/js/cliente.js?v1751507569:1935
[  676329ms] [WARNING] Google Maps JavaScript API has been loaded directly without loading=async. This can result in suboptimal performance. For best-practice loading patterns please see https://goo.gle/js-api-loading @ https://maps.googleapis.com/maps/api/js?key=AIzaSyBBPL41mFwmWqbqcMyUL3A6Y0BcDSs-7d4&language=ES&libraries=places:1519
[  676333ms] [LOG] Google Maps cargado @ https://kamary.l105.com/public/js/pedidoMuestra.js?v1752338097:3154
[  676333ms] [LOG] initEval, pedidoMuestra.js @ https://kamary.l105.com/public/js/pedidoMuestra.js?v1752338097:3157
[  676333ms] Uncaught InvalidValueError: Map: Expected mapDiv of type HTMLElement but was passed null.
    at _.Vm (https://maps.googleapis.com/maps/api/js?key=AIzaSyBBPL41mFwmWqbqcMyUL3A6Y0BcDSs-7d4&language=ES&libraries=places:1389:396)
    at _.fr (https://maps.googleapis.com/maps/api/js?key=AIzaSyBBPL41mFwmWqbqcMyUL3A6Y0BcDSs-7d4&language=ES&libraries=places:1464:273)
    at initEval (https://kamary.l105.com/public/js/pedidoMuestra.js?v1752338097:3159:8)
    at <anonymous> (https://kamary.l105.com/public/js/pedidoMuestra.js?v1752338097:3224:1)
    at dispatch (https://kamary.l105.com/public/js/core/jquery.min.js:2:7518)
    at r.handle (https://kamary.l105.com/public/js/core/jquery.min.js:2:5599)
[  679360ms] [LOG] Google Maps cargado @ https://kamary.l105.com/public/js/cliente.js?v1751507569:1935
[  679374ms] [WARNING] Google Maps JavaScript API has been loaded directly without loading=async. This can result in suboptimal performance. For best-practice loading patterns please see https://goo.gle/js-api-loading @ https://maps.googleapis.com/maps/api/js?key=AIzaSyBBPL41mFwmWqbqcMyUL3A6Y0BcDSs-7d4&language=ES&libraries=places:1519
[  679378ms] [LOG] Google Maps cargado @ https://kamary.l105.com/public/js/pedidoMuestra.js?v1752338097:3154
[  679378ms] [LOG] initEval, pedidoMuestra.js @ https://kamary.l105.com/public/js/pedidoMuestra.js?v1752338097:3157
[  679378ms] Uncaught InvalidValueError: Map: Expected mapDiv of type HTMLElement but was passed null.
    at _.Vm (https://maps.googleapis.com/maps/api/js?key=AIzaSyBBPL41mFwmWqbqcMyUL3A6Y0BcDSs-7d4&language=ES&libraries=places:1389:396)
    at _.fr (https://maps.googleapis.com/maps/api/js?key=AIzaSyBBPL41mFwmWqbqcMyUL3A6Y0BcDSs-7d4&language=ES&libraries=places:1464:273)
    at initEval (https://kamary.l105.com/public/js/pedidoMuestra.js?v1752338097:3159:8)
    at <anonymous> (https://kamary.l105.com/public/js/pedidoMuestra.js?v1752338097:3224:1)
    at dispatch (https://kamary.l105.com/public/js/core/jquery.min.js:2:7518)
    at r.handle (https://kamary.l105.com/public/js/core/jquery.min.js:2:5599)
[  679642ms] [LOG] {estado: 200, msg: Sin datos, registros: 
							<tr>
								<td class='text-center'><a …uccess'>Activo</label></td>
							</tr>
						} @ https://kamary.l105.com/public/js/custom2.js?v1513526758:15860
[  679642ms] [LOG] #ultimosrequerimientos .table-lista | form-listaproveedor | default | 1 @ https://kamary.l105.com/public/js/custom2.js?v1513526758:15861
[  679642ms] [LOG] tipo=proveedor @ https://kamary.l105.com/public/js/custom2.js?v1513526758:15862
[  682342ms] [LOG] Google Maps cargado @ https://kamary.l105.com/public/js/cliente.js?v1751507569:1935
[  682353ms] [WARNING] Google Maps JavaScript API has been loaded directly without loading=async. This can result in suboptimal performance. For best-practice loading patterns please see https://goo.gle/js-api-loading @ https://maps.googleapis.com/maps/api/js?key=AIzaSyBBPL41mFwmWqbqcMyUL3A6Y0BcDSs-7d4&language=ES&libraries=places:1519
[  682357ms] [LOG] Google Maps cargado @ https://kamary.l105.com/public/js/pedidoMuestra.js?v1752338097:3154
[  682357ms] [LOG] initEval, pedidoMuestra.js @ https://kamary.l105.com/public/js/pedidoMuestra.js?v1752338097:3157
[  682357ms] Uncaught InvalidValueError: Map: Expected mapDiv of type HTMLElement but was passed null.
    at _.Vm (https://maps.googleapis.com/maps/api/js?key=AIzaSyBBPL41mFwmWqbqcMyUL3A6Y0BcDSs-7d4&language=ES&libraries=places:1389:396)
    at _.fr (https://maps.googleapis.com/maps/api/js?key=AIzaSyBBPL41mFwmWqbqcMyUL3A6Y0BcDSs-7d4&language=ES&libraries=places:1464:273)
    at initEval (https://kamary.l105.com/public/js/pedidoMuestra.js?v1752338097:3159:8)
    at <anonymous> (https://kamary.l105.com/public/js/pedidoMuestra.js?v1752338097:3224:1)
    at dispatch (https://kamary.l105.com/public/js/core/jquery.min.js:2:7518)
    at r.handle (https://kamary.l105.com/public/js/core/jquery.min.js:2:5599)
[  692391ms] [WARNING] Google Maps JavaScript API has been loaded directly without loading=async. This can result in suboptimal performance. For best-practice loading patterns please see https://goo.gle/js-api-loading @ https://maps.googleapis.com/maps/api/js?key=AIzaSyBBPL41mFwmWqbqcMyUL3A6Y0BcDSs-7d4&language=ES&libraries=places:1519
[  697312ms] [LOG] Google Maps cargado @ https://kamary.l105.com/public/js/cliente.js?v1751507569:1935
[  697326ms] [LOG] Google Maps cargado @ https://kamary.l105.com/public/js/pedidoMuestra.js?v1752338097:3154
[  697326ms] [LOG] initEval, pedidoMuestra.js @ https://kamary.l105.com/public/js/pedidoMuestra.js?v1752338097:3157
[  697327ms] Uncaught InvalidValueError: Map: Expected mapDiv of type HTMLElement but was passed null.
    at _.Vm (https://maps.googleapis.com/maps/api/js?key=AIzaSyBBPL41mFwmWqbqcMyUL3A6Y0BcDSs-7d4&language=ES&libraries=places:1389:396)
    at _.fr (https://maps.googleapis.com/maps/api/js?key=AIzaSyBBPL41mFwmWqbqcMyUL3A6Y0BcDSs-7d4&language=ES&libraries=places:1464:273)
    at initEval (https://kamary.l105.com/public/js/pedidoMuestra.js?v1752338097:3159:8)
    at <anonymous> (https://kamary.l105.com/public/js/pedidoMuestra.js?v1752338097:3224:1)
    at dispatch (https://kamary.l105.com/public/js/core/jquery.min.js:2:7518)
    at r.handle (https://kamary.l105.com/public/js/core/jquery.min.js:2:5599)
[  700540ms] [LOG] Google Maps cargado @ https://kamary.l105.com/public/js/cliente.js?v1751507569:1935
[  700552ms] [WARNING] Google Maps JavaScript API has been loaded directly without loading=async. This can result in suboptimal performance. For best-practice loading patterns please see https://goo.gle/js-api-loading @ https://maps.googleapis.com/maps/api/js?key=AIzaSyBBPL41mFwmWqbqcMyUL3A6Y0BcDSs-7d4&language=ES&libraries=places:1519
[  700555ms] [LOG] Google Maps cargado @ https://kamary.l105.com/public/js/pedidoMuestra.js?v1752338097:3154
[  700555ms] [LOG] initEval, pedidoMuestra.js @ https://kamary.l105.com/public/js/pedidoMuestra.js?v1752338097:3157
[  700555ms] Uncaught InvalidValueError: Map: Expected mapDiv of type HTMLElement but was passed null.
    at _.Vm (https://maps.googleapis.com/maps/api/js?key=AIzaSyBBPL41mFwmWqbqcMyUL3A6Y0BcDSs-7d4&language=ES&libraries=places:1389:396)
    at _.fr (https://maps.googleapis.com/maps/api/js?key=AIzaSyBBPL41mFwmWqbqcMyUL3A6Y0BcDSs-7d4&language=ES&libraries=places:1464:273)
    at initEval (https://kamary.l105.com/public/js/pedidoMuestra.js?v1752338097:3159:8)
    at <anonymous> (https://kamary.l105.com/public/js/pedidoMuestra.js?v1752338097:3224:1)
    at dispatch (https://kamary.l105.com/public/js/core/jquery.min.js:2:7518)
    at r.handle (https://kamary.l105.com/public/js/core/jquery.min.js:2:5599)
[  703240ms] [LOG] Google Maps cargado @ https://kamary.l105.com/public/js/cliente.js?v1751507569:1935
[  703253ms] [WARNING] Google Maps JavaScript API has been loaded directly without loading=async. This can result in suboptimal performance. For best-practice loading patterns please see https://goo.gle/js-api-loading @ https://maps.googleapis.com/maps/api/js?key=AIzaSyBBPL41mFwmWqbqcMyUL3A6Y0BcDSs-7d4&language=ES&libraries=places:1519
[  703257ms] [LOG] Google Maps cargado @ https://kamary.l105.com/public/js/pedidoMuestra.js?v1752338097:3154
[  703257ms] [LOG] initEval, pedidoMuestra.js @ https://kamary.l105.com/public/js/pedidoMuestra.js?v1752338097:3157
[  703257ms] Uncaught InvalidValueError: Map: Expected mapDiv of type HTMLElement but was passed null.
    at _.Vm (https://maps.googleapis.com/maps/api/js?key=AIzaSyBBPL41mFwmWqbqcMyUL3A6Y0BcDSs-7d4&language=ES&libraries=places:1389:396)
    at _.fr (https://maps.googleapis.com/maps/api/js?key=AIzaSyBBPL41mFwmWqbqcMyUL3A6Y0BcDSs-7d4&language=ES&libraries=places:1464:273)
    at initEval (https://kamary.l105.com/public/js/pedidoMuestra.js?v1752338097:3159:8)
    at <anonymous> (https://kamary.l105.com/public/js/pedidoMuestra.js?v1752338097:3224:1)
    at dispatch (https://kamary.l105.com/public/js/core/jquery.min.js:2:7518)
    at r.handle (https://kamary.l105.com/public/js/core/jquery.min.js:2:5599)
[  706365ms] [LOG] Google Maps cargado @ https://kamary.l105.com/public/js/cliente.js?v1751507569:1935
[  706384ms] [WARNING] Google Maps JavaScript API has been loaded directly without loading=async. This can result in suboptimal performance. For best-practice loading patterns please see https://goo.gle/js-api-loading @ https://maps.googleapis.com/maps/api/js?key=AIzaSyBBPL41mFwmWqbqcMyUL3A6Y0BcDSs-7d4&language=ES&libraries=places:1519
[  706388ms] [LOG] Google Maps cargado @ https://kamary.l105.com/public/js/pedidoMuestra.js?v1752338097:3154
[  706388ms] [LOG] initEval, pedidoMuestra.js @ https://kamary.l105.com/public/js/pedidoMuestra.js?v1752338097:3157
[  706394ms] [WARNING] As of March 1st, 2025, google.maps.places.Autocomplete is not available to new customers. Please use google.maps.places.PlaceAutocompleteElement instead. At this time, google.maps.places.Autocomplete is not scheduled to be discontinued, but google.maps.places.PlaceAutocompleteElement is recommended over google.maps.places.Autocomplete. While google.maps.places.Autocomplete will continue to receive bug fixes for any major regressions, existing bugs in google.maps.places.Autocomplete will not be addressed. At least 12 months notice will be given before support is discontinued. Please see https://developers.google.com/maps/legacy for additional details and https://developers.google.com/maps/documentation/javascript/places-migration-overview for the migration guide. @ https://maps.googleapis.com/maps/api/js?key=AIzaSyBBPL41mFwmWqbqcMyUL3A6Y0BcDSs-7d4&language=ES&libraries=places:634
[  706397ms] [WARNING] As of February 21st, 2024, google.maps.Marker is deprecated. Please use google.maps.marker.AdvancedMarkerElement instead. At this time, google.maps.Marker is not scheduled to be discontinued, but google.maps.marker.AdvancedMarkerElement is recommended over google.maps.Marker. While google.maps.Marker will continue to receive bug fixes for any major regressions, existing bugs in google.maps.Marker will not be addressed. At least 12 months notice will be given before support is discontinued. Please see https://developers.google.com/maps/deprecations for additional details and https://developers.google.com/maps/documentation/javascript/advanced-markers/migration for the migration guide. @ https://maps.googleapis.com/maps/api/js?key=AIzaSyBBPL41mFwmWqbqcMyUL3A6Y0BcDSs-7d4&language=ES&libraries=places:1620
[  706400ms] [LOG] initEval, cliente.js @ https://kamary.l105.com/public/js/cliente.js?v1751507569:1941
[  706401ms] [WARNING] As of March 1st, 2025, google.maps.places.Autocomplete is not available to new customers. Please use google.maps.places.PlaceAutocompleteElement instead. At this time, google.maps.places.Autocomplete is not scheduled to be discontinued, but google.maps.places.PlaceAutocompleteElement is recommended over google.maps.places.Autocomplete. While google.maps.places.Autocomplete will continue to receive bug fixes for any major regressions, existing bugs in google.maps.places.Autocomplete will not be addressed. At least 12 months notice will be given before support is discontinued. Please see https://developers.google.com/maps/legacy for additional details and https://developers.google.com/maps/documentation/javascript/places-migration-overview for the migration guide. @ https://maps.googleapis.com/maps/api/js?key=AIzaSyBBPL41mFwmWqbqcMyUL3A6Y0BcDSs-7d4&language=ES&libraries=places:634
[  706401ms] [LOG] ======================= @ https://kamary.l105.com/public/js/cliente.js?v1751507569:1964
[  710908ms] [LOG] Google Maps cargado @ https://kamary.l105.com/public/js/cliente.js?v1751507569:1935
[  710923ms] [WARNING] Google Maps JavaScript API has been loaded directly without loading=async. This can result in suboptimal performance. For best-practice loading patterns please see https://goo.gle/js-api-loading @ https://maps.googleapis.com/maps/api/js?key=AIzaSyBBPL41mFwmWqbqcMyUL3A6Y0BcDSs-7d4&language=ES&libraries=places:1519
[  710928ms] [LOG] Google Maps cargado @ https://kamary.l105.com/public/js/pedidoMuestra.js?v1752338097:3154
[  710928ms] [LOG] initEval, pedidoMuestra.js @ https://kamary.l105.com/public/js/pedidoMuestra.js?v1752338097:3157
[  710928ms] Uncaught InvalidValueError: Map: Expected mapDiv of type HTMLElement but was passed null.
    at _.Vm (https://maps.googleapis.com/maps/api/js?key=AIzaSyBBPL41mFwmWqbqcMyUL3A6Y0BcDSs-7d4&language=ES&libraries=places:1389:396)
    at _.fr (https://maps.googleapis.com/maps/api/js?key=AIzaSyBBPL41mFwmWqbqcMyUL3A6Y0BcDSs-7d4&language=ES&libraries=places:1464:273)
    at initEval (https://kamary.l105.com/public/js/pedidoMuestra.js?v1752338097:3159:8)
    at <anonymous> (https://kamary.l105.com/public/js/pedidoMuestra.js?v1752338097:3224:1)
    at dispatch (https://kamary.l105.com/public/js/core/jquery.min.js:2:7518)
    at r.handle (https://kamary.l105.com/public/js/core/jquery.min.js:2:5599)
[  716003ms] [LOG] Google Maps cargado @ https://kamary.l105.com/public/js/cliente.js?v1751507569:1935
[  716045ms] [WARNING] Google Maps JavaScript API has been loaded directly without loading=async. This can result in suboptimal performance. For best-practice loading patterns please see https://goo.gle/js-api-loading @ https://maps.googleapis.com/maps/api/js?key=AIzaSyBBPL41mFwmWqbqcMyUL3A6Y0BcDSs-7d4&language=ES&libraries=places:1519
[  716048ms] [LOG] Google Maps cargado @ https://kamary.l105.com/public/js/pedidoMuestra.js?v1752338097:3154
[  716048ms] [LOG] initEval, pedidoMuestra.js @ https://kamary.l105.com/public/js/pedidoMuestra.js?v1752338097:3157
[  716048ms] Uncaught InvalidValueError: Map: Expected mapDiv of type HTMLElement but was passed null.
    at _.Vm (https://maps.googleapis.com/maps/api/js?key=AIzaSyBBPL41mFwmWqbqcMyUL3A6Y0BcDSs-7d4&language=ES&libraries=places:1389:396)
    at _.fr (https://maps.googleapis.com/maps/api/js?key=AIzaSyBBPL41mFwmWqbqcMyUL3A6Y0BcDSs-7d4&language=ES&libraries=places:1464:273)
    at initEval (https://kamary.l105.com/public/js/pedidoMuestra.js?v1752338097:3159:8)
    at <anonymous> (https://kamary.l105.com/public/js/pedidoMuestra.js?v1752338097:3224:1)
    at dispatch (https://kamary.l105.com/public/js/core/jquery.min.js:2:7518)
    at r.handle (https://kamary.l105.com/public/js/core/jquery.min.js:2:5599)
[  722761ms] [LOG] response:  Cargando api google Maps @ https://kamary.l105.com/public/js/tools/configApiGoogleMaps.js?v1751507570:1
[  722785ms] [WARNING] Google Maps JavaScript API has been loaded directly without loading=async. This can result in suboptimal performance. For best-practice loading patterns please see https://goo.gle/js-api-loading @ https://maps.googleapis.com/maps/api/js?key=AIzaSyBBPL41mFwmWqbqcMyUL3A6Y0BcDSs-7d4&language=ES&libraries=places:1519
[  722807ms] [WARNING] Element with name "gmp-internal-loading-text" already defined. @ https://maps.googleapis.com/maps/api/js?key=AIzaSyBBPL41mFwmWqbqcMyUL3A6Y0BcDSs-7d4&language=es&libraries=places&callback=initMaps:1420
[  722807ms] [WARNING] Element with name "gmp-internal-request-error-text" already defined. @ https://maps.googleapis.com/maps/api/js?key=AIzaSyBBPL41mFwmWqbqcMyUL3A6Y0BcDSs-7d4&language=es&libraries=places&callback=initMaps:1420
[  722808ms] [WARNING] Element with name "gmp-internal-back-button" already defined. @ https://maps.googleapis.com/maps/api/js?key=AIzaSyBBPL41mFwmWqbqcMyUL3A6Y0BcDSs-7d4&language=es&libraries=places&callback=initMaps:1420
[  722809ms] [WARNING] Element with name "gmp-internal-dialog" already defined. @ https://maps.googleapis.com/maps/api/js?key=AIzaSyBBPL41mFwmWqbqcMyUL3A6Y0BcDSs-7d4&language=es&libraries=places&callback=initMaps:1420
[  722809ms] [WARNING] Element with name "gmp-internal-disclosure" already defined. @ https://maps.googleapis.com/maps/api/js?key=AIzaSyBBPL41mFwmWqbqcMyUL3A6Y0BcDSs-7d4&language=es&libraries=places&callback=initMaps:1420
[  722809ms] [WARNING] Element with name "gmp-internal-disclosure-section" already defined. @ https://maps.googleapis.com/maps/api/js?key=AIzaSyBBPL41mFwmWqbqcMyUL3A6Y0BcDSs-7d4&language=es&libraries=places&callback=initMaps:1420
[  722809ms] [WARNING] Element with name "gmp-internal-attribution" already defined. @ https://maps.googleapis.com/maps/api/js?key=AIzaSyBBPL41mFwmWqbqcMyUL3A6Y0BcDSs-7d4&language=es&libraries=places&callback=initMaps:1420
[  722810ms] [WARNING] Element with name "gmp-internal-element-support-verification" already defined. @ https://maps.googleapis.com/maps/api/js?key=AIzaSyBBPL41mFwmWqbqcMyUL3A6Y0BcDSs-7d4&language=es&libraries=places&callback=initMaps:1420
[  722810ms] [ERROR] You have included the Google Maps JavaScript API multiple times on this page. This may cause unexpected errors. @ https://maps.googleapis.com/maps/api/js?key=AIzaSyBBPL41mFwmWqbqcMyUL3A6Y0BcDSs-7d4&language=es&libraries=places&callback=initMaps:1526
[  722810ms] [WARNING] Google Maps JavaScript API has been loaded directly without loading=async. This can result in suboptimal performance. For best-practice loading patterns please see https://goo.gle/js-api-loading @ https://maps.googleapis.com/maps/api/js?key=AIzaSyBBPL41mFwmWqbqcMyUL3A6Y0BcDSs-7d4&language=es&libraries=places&callback=initMaps:1519
[  722818ms] [WARNING] Element with name "gmp-internal-rating" already defined. @ https://maps.googleapis.com/maps/api/js?key=AIzaSyBBPL41mFwmWqbqcMyUL3A6Y0BcDSs-7d4&language=es&libraries=places&callback=initMaps:1420
[  722818ms] [WARNING] Element with name "gmp-place-all-content" already defined. @ https://maps.googleapis.com/maps/api/js?key=AIzaSyBBPL41mFwmWqbqcMyUL3A6Y0BcDSs-7d4&language=es&libraries=places&callback=initMaps:1420
[  722819ms] [WARNING] Element with name "gmp-internal-busyness-histogram" already defined. @ https://maps.googleapis.com/maps/api/js?key=AIzaSyBBPL41mFwmWqbqcMyUL3A6Y0BcDSs-7d4&language=es&libraries=places&callback=initMaps:1420
[  722819ms] [WARNING] Element with name "gmp-internal-selection-button" already defined. @ https://maps.googleapis.com/maps/api/js?key=AIzaSyBBPL41mFwmWqbqcMyUL3A6Y0BcDSs-7d4&language=es&libraries=places&callback=initMaps:1420
[  722819ms] [WARNING] Element with name "gmp-internal-place-busyness" already defined. @ https://maps.googleapis.com/maps/api/js?key=AIzaSyBBPL41mFwmWqbqcMyUL3A6Y0BcDSs-7d4&language=es&libraries=places&callback=initMaps:1420
[  722819ms] [WARNING] Element with name "gmp-internal-link-button" already defined. @ https://maps.googleapis.com/maps/api/js?key=AIzaSyBBPL41mFwmWqbqcMyUL3A6Y0BcDSs-7d4&language=es&libraries=places&callback=initMaps:1420
[  722819ms] [WARNING] Element with name "gmp-internal-menu" already defined. @ https://maps.googleapis.com/maps/api/js?key=AIzaSyBBPL41mFwmWqbqcMyUL3A6Y0BcDSs-7d4&language=es&libraries=places&callback=initMaps:1420
[  722820ms] [WARNING] Element with name "gmp-internal-place-opening-hours" already defined. @ https://maps.googleapis.com/maps/api/js?key=AIzaSyBBPL41mFwmWqbqcMyUL3A6Y0BcDSs-7d4&language=es&libraries=places&callback=initMaps:1420
[  722821ms] [WARNING] Element with name "gmp-internal-place-review" already defined. @ https://maps.googleapis.com/maps/api/js?key=AIzaSyBBPL41mFwmWqbqcMyUL3A6Y0BcDSs-7d4&language=es&libraries=places&callback=initMaps:1420
[  722821ms] [WARNING] Element with name "gmp-internal-tabbed-layout" already defined. @ https://maps.googleapis.com/maps/api/js?key=AIzaSyBBPL41mFwmWqbqcMyUL3A6Y0BcDSs-7d4&language=es&libraries=places&callback=initMaps:1420
[  722822ms] [WARNING] Element with name "gmp-internal-lightbox" already defined. @ https://maps.googleapis.com/maps/api/js?key=AIzaSyBBPL41mFwmWqbqcMyUL3A6Y0BcDSs-7d4&language=es&libraries=places&callback=initMaps:1420
[  722822ms] [WARNING] Element with name "gmp-internal-collage" already defined. @ https://maps.googleapis.com/maps/api/js?key=AIzaSyBBPL41mFwmWqbqcMyUL3A6Y0BcDSs-7d4&language=es&libraries=places&callback=initMaps:1420
[  722823ms] [WARNING] Element with name "gmp-internal-place-rating-summary" already defined. @ https://maps.googleapis.com/maps/api/js?key=AIzaSyBBPL41mFwmWqbqcMyUL3A6Y0BcDSs-7d4&language=es&libraries=places&callback=initMaps:1420
[  722824ms] [WARNING] Element with name "gmp-place-content-config" already defined. @ https://maps.googleapis.com/maps/api/js?key=AIzaSyBBPL41mFwmWqbqcMyUL3A6Y0BcDSs-7d4&language=es&libraries=places&callback=initMaps:1420
[  722824ms] [WARNING] Element with name "gmp-place-standard-content" already defined. @ https://maps.googleapis.com/maps/api/js?key=AIzaSyBBPL41mFwmWqbqcMyUL3A6Y0BcDSs-7d4&language=es&libraries=places&callback=initMaps:1420
[  722824ms] [WARNING] Element with name "gmp-internal-place-basic-info" already defined. @ https://maps.googleapis.com/maps/api/js?key=AIzaSyBBPL41mFwmWqbqcMyUL3A6Y0BcDSs-7d4&language=es&libraries=places&callback=initMaps:1420
[  722825ms] [WARNING] Element with name "gmp-place-details-location-request" already defined. @ https://maps.googleapis.com/maps/api/js?key=AIzaSyBBPL41mFwmWqbqcMyUL3A6Y0BcDSs-7d4&language=es&libraries=places&callback=initMaps:1420
[  722825ms] [WARNING] Element with name "gmp-place-details-place-request" already defined. @ https://maps.googleapis.com/maps/api/js?key=AIzaSyBBPL41mFwmWqbqcMyUL3A6Y0BcDSs-7d4&language=es&libraries=places&callback=initMaps:1420
[  722825ms] [WARNING] Element with name "gmp-internal-circular-loader" already defined. @ https://maps.googleapis.com/maps/api/js?key=AIzaSyBBPL41mFwmWqbqcMyUL3A6Y0BcDSs-7d4&language=es&libraries=places&callback=initMaps:1420
[  722826ms] [WARNING] Element with name "gmp-place-details-compact" already defined. @ https://maps.googleapis.com/maps/api/js?key=AIzaSyBBPL41mFwmWqbqcMyUL3A6Y0BcDSs-7d4&language=es&libraries=places&callback=initMaps:1420
[  722826ms] [WARNING] Element with name "gmp-internal-use-place-details-compact" already defined. @ https://maps.googleapis.com/maps/api/js?key=AIzaSyBBPL41mFwmWqbqcMyUL3A6Y0BcDSs-7d4&language=es&libraries=places&callback=initMaps:1420
[  722826ms] [WARNING] Element with name "gmp-place-media" already defined. @ https://maps.googleapis.com/maps/api/js?key=AIzaSyBBPL41mFwmWqbqcMyUL3A6Y0BcDSs-7d4&language=es&libraries=places&callback=initMaps:1420
[  722826ms] [WARNING] Element with name "gmp-place-address" already defined. @ https://maps.googleapis.com/maps/api/js?key=AIzaSyBBPL41mFwmWqbqcMyUL3A6Y0BcDSs-7d4&language=es&libraries=places&callback=initMaps:1420
[  722826ms] [WARNING] Element with name "gmp-place-rating" already defined. @ https://maps.googleapis.com/maps/api/js?key=AIzaSyBBPL41mFwmWqbqcMyUL3A6Y0BcDSs-7d4&language=es&libraries=places&callback=initMaps:1420
[  722826ms] [WARNING] Element with name "gmp-place-type" already defined. @ https://maps.googleapis.com/maps/api/js?key=AIzaSyBBPL41mFwmWqbqcMyUL3A6Y0BcDSs-7d4&language=es&libraries=places&callback=initMaps:1420
[  722826ms] [WARNING] Element with name "gmp-place-price" already defined. @ https://maps.googleapis.com/maps/api/js?key=AIzaSyBBPL41mFwmWqbqcMyUL3A6Y0BcDSs-7d4&language=es&libraries=places&callback=initMaps:1420
[  722827ms] [WARNING] Element with name "gmp-place-accessible-entrance-icon" already defined. @ https://maps.googleapis.com/maps/api/js?key=AIzaSyBBPL41mFwmWqbqcMyUL3A6Y0BcDSs-7d4&language=es&libraries=places&callback=initMaps:1420
[  722827ms] [WARNING] Element with name "gmp-place-open-now-status" already defined. @ https://maps.googleapis.com/maps/api/js?key=AIzaSyBBPL41mFwmWqbqcMyUL3A6Y0BcDSs-7d4&language=es&libraries=places&callback=initMaps:1420
[  722827ms] [WARNING] Element with name "gmp-place-attribution" already defined. @ https://maps.googleapis.com/maps/api/js?key=AIzaSyBBPL41mFwmWqbqcMyUL3A6Y0BcDSs-7d4&language=es&libraries=places&callback=initMaps:1420
[  722827ms] [WARNING] Element with name "gmp-place-website" already defined. @ https://maps.googleapis.com/maps/api/js?key=AIzaSyBBPL41mFwmWqbqcMyUL3A6Y0BcDSs-7d4&language=es&libraries=places&callback=initMaps:1420
[  722827ms] [WARNING] Element with name "gmp-place-phone-number" already defined. @ https://maps.googleapis.com/maps/api/js?key=AIzaSyBBPL41mFwmWqbqcMyUL3A6Y0BcDSs-7d4&language=es&libraries=places&callback=initMaps:1420
[  722827ms] [WARNING] Element with name "gmp-place-opening-hours" already defined. @ https://maps.googleapis.com/maps/api/js?key=AIzaSyBBPL41mFwmWqbqcMyUL3A6Y0BcDSs-7d4&language=es&libraries=places&callback=initMaps:1420
[  722827ms] [WARNING] Element with name "gmp-place-summary" already defined. @ https://maps.googleapis.com/maps/api/js?key=AIzaSyBBPL41mFwmWqbqcMyUL3A6Y0BcDSs-7d4&language=es&libraries=places&callback=initMaps:1420
[  722827ms] [WARNING] Element with name "gmp-place-type-specific-highlights" already defined. @ https://maps.googleapis.com/maps/api/js?key=AIzaSyBBPL41mFwmWqbqcMyUL3A6Y0BcDSs-7d4&language=es&libraries=places&callback=initMaps:1420
[  722828ms] [WARNING] Element with name "gmp-place-review-summary" already defined. @ https://maps.googleapis.com/maps/api/js?key=AIzaSyBBPL41mFwmWqbqcMyUL3A6Y0BcDSs-7d4&language=es&libraries=places&callback=initMaps:1420
[  722828ms] [WARNING] Element with name "gmp-place-reviews" already defined. @ https://maps.googleapis.com/maps/api/js?key=AIzaSyBBPL41mFwmWqbqcMyUL3A6Y0BcDSs-7d4&language=es&libraries=places&callback=initMaps:1420
[  722828ms] [WARNING] Element with name "gmp-place-plus-code" already defined. @ https://maps.googleapis.com/maps/api/js?key=AIzaSyBBPL41mFwmWqbqcMyUL3A6Y0BcDSs-7d4&language=es&libraries=places&callback=initMaps:1420
[  722828ms] [WARNING] Element with name "gmp-place-feature-list" already defined. @ https://maps.googleapis.com/maps/api/js?key=AIzaSyBBPL41mFwmWqbqcMyUL3A6Y0BcDSs-7d4&language=es&libraries=places&callback=initMaps:1420
[  722828ms] [WARNING] Element with name "gmp-place-details" already defined. @ https://maps.googleapis.com/maps/api/js?key=AIzaSyBBPL41mFwmWqbqcMyUL3A6Y0BcDSs-7d4&language=es&libraries=places&callback=initMaps:1420
[  722829ms] [WARNING] Element with name "gmp-internal-place-carousel" already defined. @ https://maps.googleapis.com/maps/api/js?key=AIzaSyBBPL41mFwmWqbqcMyUL3A6Y0BcDSs-7d4&language=es&libraries=places&callback=initMaps:1420
[  722829ms] [WARNING] Element with name "gmp-internal-place-search-list-item" already defined. @ https://maps.googleapis.com/maps/api/js?key=AIzaSyBBPL41mFwmWqbqcMyUL3A6Y0BcDSs-7d4&language=es&libraries=places&callback=initMaps:1420
[  722829ms] [WARNING] Element with name "gmp-place-nearby-search-request" already defined. @ https://maps.googleapis.com/maps/api/js?key=AIzaSyBBPL41mFwmWqbqcMyUL3A6Y0BcDSs-7d4&language=es&libraries=places&callback=initMaps:1420
[  722829ms] [WARNING] Element with name "gmp-place-text-search-request" already defined. @ https://maps.googleapis.com/maps/api/js?key=AIzaSyBBPL41mFwmWqbqcMyUL3A6Y0BcDSs-7d4&language=es&libraries=places&callback=initMaps:1420
[  722830ms] [WARNING] Element with name "gmp-place-search" already defined. @ https://maps.googleapis.com/maps/api/js?key=AIzaSyBBPL41mFwmWqbqcMyUL3A6Y0BcDSs-7d4&language=es&libraries=places&callback=initMaps:1420
[  722831ms] [WARNING] Element with name "gmp-map" already defined. @ https://maps.googleapis.com/maps/api/js?key=AIzaSyBBPL41mFwmWqbqcMyUL3A6Y0BcDSs-7d4&language=es&libraries=places&callback=initMaps:1420
[  722832ms] [WARNING] Element with name "gmp-place-autocomplete" already defined. @ https://maps.googleapis.com/maps/api/js?key=AIzaSyBBPL41mFwmWqbqcMyUL3A6Y0BcDSs-7d4&language=es&libraries=places&callback=initMaps:1420
[  722832ms] [WARNING] Element with name "gmp-basic-place-autocomplete" already defined. @ https://maps.googleapis.com/maps/api/js?key=AIzaSyBBPL41mFwmWqbqcMyUL3A6Y0BcDSs-7d4&language=es&libraries=places&callback=initMaps:1420
[  723085ms] [LOG] Google Maps cargado @ https://kamary.l105.com/public/js/cliente.js?v1751507569:1935
[  723261ms] [LOG] Google Maps cargado @ https://kamary.l105.com/public/js/pedidoMuestra.js?v1752338097:3154
[  723261ms] [LOG] initEval, pedidoMuestra.js @ https://kamary.l105.com/public/js/pedidoMuestra.js?v1752338097:3157
[  723274ms] [WARNING] As of March 1st, 2025, google.maps.places.Autocomplete is not available to new customers. Please use google.maps.places.PlaceAutocompleteElement instead. At this time, google.maps.places.Autocomplete is not scheduled to be discontinued, but google.maps.places.PlaceAutocompleteElement is recommended over google.maps.places.Autocomplete. While google.maps.places.Autocomplete will continue to receive bug fixes for any major regressions, existing bugs in google.maps.places.Autocomplete will not be addressed. At least 12 months notice will be given before support is discontinued. Please see https://developers.google.com/maps/legacy for additional details and https://developers.google.com/maps/documentation/javascript/places-migration-overview for the migration guide. @ https://maps.googleapis.com/maps/api/js?key=AIzaSyBBPL41mFwmWqbqcMyUL3A6Y0BcDSs-7d4&language=es&libraries=places&callback=initMaps:634
[  723276ms] [WARNING] As of February 21st, 2024, google.maps.Marker is deprecated. Please use google.maps.marker.AdvancedMarkerElement instead. At this time, google.maps.Marker is not scheduled to be discontinued, but google.maps.marker.AdvancedMarkerElement is recommended over google.maps.Marker. While google.maps.Marker will continue to receive bug fixes for any major regressions, existing bugs in google.maps.Marker will not be addressed. At least 12 months notice will be given before support is discontinued. Please see https://developers.google.com/maps/deprecations for additional details and https://developers.google.com/maps/documentation/javascript/advanced-markers/migration for the migration guide. @ https://maps.googleapis.com/maps/api/js?key=AIzaSyBBPL41mFwmWqbqcMyUL3A6Y0BcDSs-7d4&language=es&libraries=places&callback=initMaps:1620
[  723282ms] [LOG] initEval, custom2.js @ https://kamary.l105.com/public/js/custom2.js?v415557324:20103
[  723283ms] [WARNING] As of March 1st, 2025, google.maps.places.Autocomplete is not available to new customers. Please use google.maps.places.PlaceAutocompleteElement instead. At this time, google.maps.places.Autocomplete is not scheduled to be discontinued, but google.maps.places.PlaceAutocompleteElement is recommended over google.maps.places.Autocomplete. While google.maps.places.Autocomplete will continue to receive bug fixes for any major regressions, existing bugs in google.maps.places.Autocomplete will not be addressed. At least 12 months notice will be given before support is discontinued. Please see https://developers.google.com/maps/legacy for additional details and https://developers.google.com/maps/documentation/javascript/places-migration-overview for the migration guide. @ https://maps.googleapis.com/maps/api/js?key=AIzaSyBBPL41mFwmWqbqcMyUL3A6Y0BcDSs-7d4&language=es&libraries=places&callback=initMaps:634
[  723283ms] [LOG] ======================= @ https://kamary.l105.com/public/js/custom2.js?v415557324:20126
[  723284ms] [LOG] initEval, cliente.js @ https://kamary.l105.com/public/js/cliente.js?v1751507569:1941
[  723284ms] [ERROR] InvalidValueError: not an instance of HTMLInputElement @ https://maps.googleapis.com/maps/api/js?key=AIzaSyBBPL41mFwmWqbqcMyUL3A6Y0BcDSs-7d4&language=es&libraries=places&callback=initMaps:1385
[  723285ms] [LOG] ======================= @ https://kamary.l105.com/public/js/cliente.js?v1751507569:1964
[  724835ms] [LOG] Reusing existing map instance for #modalTomapedido @ https://kamary.l105.com/public/js/custom2.js?v415557324:20971
[  724835ms] [LOG] initEval for #modalTomapedido @ https://kamary.l105.com/public/js/tools/configApiGoogleMaps.js?v1751507570:7
[  724838ms] [WARNING] As of March 1st, 2025, google.maps.places.Autocomplete is not available to new customers. Please use google.maps.places.PlaceAutocompleteElement instead. At this time, google.maps.places.Autocomplete is not scheduled to be discontinued, but google.maps.places.PlaceAutocompleteElement is recommended over google.maps.places.Autocomplete. While google.maps.places.Autocomplete will continue to receive bug fixes for any major regressions, existing bugs in google.maps.places.Autocomplete will not be addressed. At least 12 months notice will be given before support is discontinued. Please see https://developers.google.com/maps/legacy for additional details and https://developers.google.com/maps/documentation/javascript/places-migration-overview for the migration guide. @ https://maps.googleapis.com/maps/api/js?key=AIzaSyBBPL41mFwmWqbqcMyUL3A6Y0BcDSs-7d4&language=es&libraries=places&callback=initMaps:634
[  727796ms] Uncaught (in promise) TypeError: Cannot read properties of undefined (reading 'kK')
    at <anonymous> (https://maps.googleapis.com/maps/api/js?key=AIzaSyBBPL41mFwmWqbqcMyUL3A6Y0BcDSs-7d4&language=ES&libraries=places:1521:190)
[  733970ms] [LOG] Google Maps cargado @ https://kamary.l105.com/public/js/cliente.js?v1751507569:1935
[  733986ms] [WARNING] Google Maps JavaScript API has been loaded directly without loading=async. This can result in suboptimal performance. For best-practice loading patterns please see https://goo.gle/js-api-loading @ https://maps.googleapis.com/maps/api/js?key=AIzaSyBBPL41mFwmWqbqcMyUL3A6Y0BcDSs-7d4&language=ES&libraries=places:1519
[  733990ms] [LOG] Google Maps cargado @ https://kamary.l105.com/public/js/pedidoMuestra.js?v1752338097:3154
[  733990ms] [LOG] initEval, pedidoMuestra.js @ https://kamary.l105.com/public/js/pedidoMuestra.js?v1752338097:3157
[  733991ms] Uncaught InvalidValueError: Map: Expected mapDiv of type HTMLElement but was passed null.
    at _.Vm (https://maps.googleapis.com/maps/api/js?key=AIzaSyBBPL41mFwmWqbqcMyUL3A6Y0BcDSs-7d4&language=ES&libraries=places:1389:396)
    at _.fr (https://maps.googleapis.com/maps/api/js?key=AIzaSyBBPL41mFwmWqbqcMyUL3A6Y0BcDSs-7d4&language=ES&libraries=places:1464:273)
    at initEval (https://kamary.l105.com/public/js/pedidoMuestra.js?v1752338097:3159:8)
    at <anonymous> (https://kamary.l105.com/public/js/pedidoMuestra.js?v1752338097:3224:1)
    at dispatch (https://kamary.l105.com/public/js/core/jquery.min.js:2:7518)
    at r.handle (https://kamary.l105.com/public/js/core/jquery.min.js:2:5599)
[  737034ms] [LOG] Google Maps cargado @ https://kamary.l105.com/public/js/cliente.js?v1751507569:1935
[  737058ms] [WARNING] Google Maps JavaScript API has been loaded directly without loading=async. This can result in suboptimal performance. For best-practice loading patterns please see https://goo.gle/js-api-loading @ https://maps.googleapis.com/maps/api/js?key=AIzaSyBBPL41mFwmWqbqcMyUL3A6Y0BcDSs-7d4&language=ES&libraries=places:1519
[  737062ms] [LOG] Google Maps cargado @ https://kamary.l105.com/public/js/pedidoMuestra.js?v1752338097:3154
[  737062ms] [LOG] initEval, pedidoMuestra.js @ https://kamary.l105.com/public/js/pedidoMuestra.js?v1752338097:3157
[  737062ms] Uncaught InvalidValueError: Map: Expected mapDiv of type HTMLElement but was passed null.
    at _.Vm (https://maps.googleapis.com/maps/api/js?key=AIzaSyBBPL41mFwmWqbqcMyUL3A6Y0BcDSs-7d4&language=ES&libraries=places:1389:396)
    at _.fr (https://maps.googleapis.com/maps/api/js?key=AIzaSyBBPL41mFwmWqbqcMyUL3A6Y0BcDSs-7d4&language=ES&libraries=places:1464:273)
    at initEval (https://kamary.l105.com/public/js/pedidoMuestra.js?v1752338097:3159:8)
    at <anonymous> (https://kamary.l105.com/public/js/pedidoMuestra.js?v1752338097:3224:1)
    at dispatch (https://kamary.l105.com/public/js/core/jquery.min.js:2:7518)
    at r.handle (https://kamary.l105.com/public/js/core/jquery.min.js:2:5599)
[  739778ms] [LOG] Google Maps cargado @ https://kamary.l105.com/public/js/cliente.js?v1751507569:1935
[  739795ms] [WARNING] Google Maps JavaScript API has been loaded directly without loading=async. This can result in suboptimal performance. For best-practice loading patterns please see https://goo.gle/js-api-loading @ https://maps.googleapis.com/maps/api/js?key=AIzaSyBBPL41mFwmWqbqcMyUL3A6Y0BcDSs-7d4&language=ES&libraries=places:1519
[  739800ms] [LOG] Google Maps cargado @ https://kamary.l105.com/public/js/pedidoMuestra.js?v1752338097:3154
[  739800ms] [LOG] initEval, pedidoMuestra.js @ https://kamary.l105.com/public/js/pedidoMuestra.js?v1752338097:3157
[  739801ms] Uncaught InvalidValueError: Map: Expected mapDiv of type HTMLElement but was passed null.
    at _.Vm (https://maps.googleapis.com/maps/api/js?key=AIzaSyBBPL41mFwmWqbqcMyUL3A6Y0BcDSs-7d4&language=ES&libraries=places:1389:396)
    at _.fr (https://maps.googleapis.com/maps/api/js?key=AIzaSyBBPL41mFwmWqbqcMyUL3A6Y0BcDSs-7d4&language=ES&libraries=places:1464:273)
    at initEval (https://kamary.l105.com/public/js/pedidoMuestra.js?v1752338097:3159:8)
    at <anonymous> (https://kamary.l105.com/public/js/pedidoMuestra.js?v1752338097:3224:1)
    at dispatch (https://kamary.l105.com/public/js/core/jquery.min.js:2:7518)
    at r.handle (https://kamary.l105.com/public/js/core/jquery.min.js:2:5599)
[  742955ms] [LOG] Google Maps cargado @ https://kamary.l105.com/public/js/cliente.js?v1751507569:1935
[  742970ms] [WARNING] Google Maps JavaScript API has been loaded directly without loading=async. This can result in suboptimal performance. For best-practice loading patterns please see https://goo.gle/js-api-loading @ https://maps.googleapis.com/maps/api/js?key=AIzaSyBBPL41mFwmWqbqcMyUL3A6Y0BcDSs-7d4&language=ES&libraries=places:1519
[  742973ms] [LOG] Google Maps cargado @ https://kamary.l105.com/public/js/pedidoMuestra.js?v1752338097:3154
[  742973ms] [LOG] initEval, pedidoMuestra.js @ https://kamary.l105.com/public/js/pedidoMuestra.js?v1752338097:3157
[  742974ms] Uncaught InvalidValueError: Map: Expected mapDiv of type HTMLElement but was passed null.
    at _.Vm (https://maps.googleapis.com/maps/api/js?key=AIzaSyBBPL41mFwmWqbqcMyUL3A6Y0BcDSs-7d4&language=ES&libraries=places:1389:396)
    at _.fr (https://maps.googleapis.com/maps/api/js?key=AIzaSyBBPL41mFwmWqbqcMyUL3A6Y0BcDSs-7d4&language=ES&libraries=places:1464:273)
    at initEval (https://kamary.l105.com/public/js/pedidoMuestra.js?v1752338097:3159:8)
    at <anonymous> (https://kamary.l105.com/public/js/pedidoMuestra.js?v1752338097:3224:1)
    at dispatch (https://kamary.l105.com/public/js/core/jquery.min.js:2:7518)
    at r.handle (https://kamary.l105.com/public/js/core/jquery.min.js:2:5599)
[  745652ms] [LOG] Google Maps cargado @ https://kamary.l105.com/public/js/cliente.js?v1751507569:1935
[  745665ms] [WARNING] Google Maps JavaScript API has been loaded directly without loading=async. This can result in suboptimal performance. For best-practice loading patterns please see https://goo.gle/js-api-loading @ https://maps.googleapis.com/maps/api/js?key=AIzaSyBBPL41mFwmWqbqcMyUL3A6Y0BcDSs-7d4&language=ES&libraries=places:1519
[  745669ms] [LOG] Google Maps cargado @ https://kamary.l105.com/public/js/pedidoMuestra.js?v1752338097:3154
[  745670ms] [LOG] initEval, pedidoMuestra.js @ https://kamary.l105.com/public/js/pedidoMuestra.js?v1752338097:3157
[  745669ms] Uncaught InvalidValueError: Map: Expected mapDiv of type HTMLElement but was passed null.
    at _.Vm (https://maps.googleapis.com/maps/api/js?key=AIzaSyBBPL41mFwmWqbqcMyUL3A6Y0BcDSs-7d4&language=ES&libraries=places:1389:396)
    at _.fr (https://maps.googleapis.com/maps/api/js?key=AIzaSyBBPL41mFwmWqbqcMyUL3A6Y0BcDSs-7d4&language=ES&libraries=places:1464:273)
    at initEval (https://kamary.l105.com/public/js/pedidoMuestra.js?v1752338097:3159:8)
    at <anonymous> (https://kamary.l105.com/public/js/pedidoMuestra.js?v1752338097:3224:1)
    at dispatch (https://kamary.l105.com/public/js/core/jquery.min.js:2:7518)
    at r.handle (https://kamary.l105.com/public/js/core/jquery.min.js:2:5599)
[  748701ms] [LOG] Google Maps cargado @ https://kamary.l105.com/public/js/cliente.js?v1751507569:1935
[  748716ms] [WARNING] Google Maps JavaScript API has been loaded directly without loading=async. This can result in suboptimal performance. For best-practice loading patterns please see https://goo.gle/js-api-loading @ https://maps.googleapis.com/maps/api/js?key=AIzaSyBBPL41mFwmWqbqcMyUL3A6Y0BcDSs-7d4&language=ES&libraries=places:1519
[  748721ms] [LOG] Google Maps cargado @ https://kamary.l105.com/public/js/pedidoMuestra.js?v1752338097:3154
[  748721ms] [LOG] initEval, pedidoMuestra.js @ https://kamary.l105.com/public/js/pedidoMuestra.js?v1752338097:3157
[  748720ms] Uncaught InvalidValueError: Map: Expected mapDiv of type HTMLElement but was passed null.
    at _.Vm (https://maps.googleapis.com/maps/api/js?key=AIzaSyBBPL41mFwmWqbqcMyUL3A6Y0BcDSs-7d4&language=ES&libraries=places:1389:396)
    at _.fr (https://maps.googleapis.com/maps/api/js?key=AIzaSyBBPL41mFwmWqbqcMyUL3A6Y0BcDSs-7d4&language=ES&libraries=places:1464:273)
    at initEval (https://kamary.l105.com/public/js/pedidoMuestra.js?v1752338097:3159:8)
    at <anonymous> (https://kamary.l105.com/public/js/pedidoMuestra.js?v1752338097:3224:1)
    at dispatch (https://kamary.l105.com/public/js/core/jquery.min.js:2:7518)
    at r.handle (https://kamary.l105.com/public/js/core/jquery.min.js:2:5599)
[  753317ms] [LOG] Google Maps cargado @ https://kamary.l105.com/public/js/cliente.js?v1751507569:1935
[  753338ms] [WARNING] Google Maps JavaScript API has been loaded directly without loading=async. This can result in suboptimal performance. For best-practice loading patterns please see https://goo.gle/js-api-loading @ https://maps.googleapis.com/maps/api/js?key=AIzaSyBBPL41mFwmWqbqcMyUL3A6Y0BcDSs-7d4&language=ES&libraries=places:1519
[  753342ms] [LOG] Google Maps cargado @ https://kamary.l105.com/public/js/pedidoMuestra.js?v1752338097:3154
[  753342ms] [LOG] initEval, pedidoMuestra.js @ https://kamary.l105.com/public/js/pedidoMuestra.js?v1752338097:3157
[  753342ms] Uncaught InvalidValueError: Map: Expected mapDiv of type HTMLElement but was passed null.
    at _.Vm (https://maps.googleapis.com/maps/api/js?key=AIzaSyBBPL41mFwmWqbqcMyUL3A6Y0BcDSs-7d4&language=ES&libraries=places:1389:396)
    at _.fr (https://maps.googleapis.com/maps/api/js?key=AIzaSyBBPL41mFwmWqbqcMyUL3A6Y0BcDSs-7d4&language=ES&libraries=places:1464:273)
    at initEval (https://kamary.l105.com/public/js/pedidoMuestra.js?v1752338097:3159:8)
    at <anonymous> (https://kamary.l105.com/public/js/pedidoMuestra.js?v1752338097:3224:1)
    at dispatch (https://kamary.l105.com/public/js/core/jquery.min.js:2:7518)
    at r.handle (https://kamary.l105.com/public/js/core/jquery.min.js:2:5599)
[  760268ms] [WARNING] Google Maps JavaScript API has been loaded directly without loading=async. This can result in suboptimal performance. For best-practice loading patterns please see https://goo.gle/js-api-loading @ https://maps.googleapis.com/maps/api/js?key=AIzaSyBBPL41mFwmWqbqcMyUL3A6Y0BcDSs-7d4&language=ES&libraries=places:1519
[  761354ms] [LOG] Google Maps cargado @ https://kamary.l105.com/public/js/cliente.js?v1751507569:1935
[  761371ms] [LOG] Google Maps cargado @ https://kamary.l105.com/public/js/pedidoMuestra.js?v1752338097:3154
[  761371ms] [LOG] initEval, pedidoMuestra.js @ https://kamary.l105.com/public/js/pedidoMuestra.js?v1752338097:3157
[  761372ms] Uncaught InvalidValueError: Map: Expected mapDiv of type HTMLElement but was passed null.
    at _.Vm (https://maps.googleapis.com/maps/api/js?key=AIzaSyBBPL41mFwmWqbqcMyUL3A6Y0BcDSs-7d4&language=ES&libraries=places:1389:396)
    at _.fr (https://maps.googleapis.com/maps/api/js?key=AIzaSyBBPL41mFwmWqbqcMyUL3A6Y0BcDSs-7d4&language=ES&libraries=places:1464:273)
    at initEval (https://kamary.l105.com/public/js/pedidoMuestra.js?v1752338097:3159:8)
    at <anonymous> (https://kamary.l105.com/public/js/pedidoMuestra.js?v1752338097:3224:1)
    at dispatch (https://kamary.l105.com/public/js/core/jquery.min.js:2:7518)
    at r.handle (https://kamary.l105.com/public/js/core/jquery.min.js:2:5599)
[  766082ms] [LOG] Google Maps cargado @ https://kamary.l105.com/public/js/cliente.js?v1751507569:1935
[  766097ms] [WARNING] Google Maps JavaScript API has been loaded directly without loading=async. This can result in suboptimal performance. For best-practice loading patterns please see https://goo.gle/js-api-loading @ https://maps.googleapis.com/maps/api/js?key=AIzaSyBBPL41mFwmWqbqcMyUL3A6Y0BcDSs-7d4&language=ES&libraries=places:1519
[  766101ms] [LOG] Google Maps cargado @ https://kamary.l105.com/public/js/pedidoMuestra.js?v1752338097:3154
[  766101ms] [LOG] initEval, pedidoMuestra.js @ https://kamary.l105.com/public/js/pedidoMuestra.js?v1752338097:3157
[  766101ms] Uncaught InvalidValueError: Map: Expected mapDiv of type HTMLElement but was passed null.
    at _.Vm (https://maps.googleapis.com/maps/api/js?key=AIzaSyBBPL41mFwmWqbqcMyUL3A6Y0BcDSs-7d4&language=ES&libraries=places:1389:396)
    at _.fr (https://maps.googleapis.com/maps/api/js?key=AIzaSyBBPL41mFwmWqbqcMyUL3A6Y0BcDSs-7d4&language=ES&libraries=places:1464:273)
    at initEval (https://kamary.l105.com/public/js/pedidoMuestra.js?v1752338097:3159:8)
    at <anonymous> (https://kamary.l105.com/public/js/pedidoMuestra.js?v1752338097:3224:1)
    at dispatch (https://kamary.l105.com/public/js/core/jquery.min.js:2:7518)
    at r.handle (https://kamary.l105.com/public/js/core/jquery.min.js:2:5599)
[  768623ms] [WARNING] Google Maps JavaScript API has been loaded directly without loading=async. This can result in suboptimal performance. For best-practice loading patterns please see https://goo.gle/js-api-loading @ https://maps.googleapis.com/maps/api/js?key=AIzaSyBBPL41mFwmWqbqcMyUL3A6Y0BcDSs-7d4&language=ES&libraries=places:1519
[  768661ms] [LOG] Google Maps cargado @ https://kamary.l105.com/public/js/cliente.js?v1751507569:1935
[  768681ms] [LOG] Google Maps cargado @ https://kamary.l105.com/public/js/pedidoMuestra.js?v1752338097:3154
[  768681ms] [LOG] initEval, pedidoMuestra.js @ https://kamary.l105.com/public/js/pedidoMuestra.js?v1752338097:3157
[  768681ms] Uncaught InvalidValueError: Map: Expected mapDiv of type HTMLElement but was passed null.
    at _.Vm (https://maps.googleapis.com/maps/api/js?key=AIzaSyBBPL41mFwmWqbqcMyUL3A6Y0BcDSs-7d4&language=ES&libraries=places:1389:396)
    at _.fr (https://maps.googleapis.com/maps/api/js?key=AIzaSyBBPL41mFwmWqbqcMyUL3A6Y0BcDSs-7d4&language=ES&libraries=places:1464:273)
    at initEval (https://kamary.l105.com/public/js/pedidoMuestra.js?v1752338097:3159:8)
    at <anonymous> (https://kamary.l105.com/public/js/pedidoMuestra.js?v1752338097:3224:1)
    at dispatch (https://kamary.l105.com/public/js/core/jquery.min.js:2:7518)
    at r.handle (https://kamary.l105.com/public/js/core/jquery.min.js:2:5599)
[  790840ms] [WARNING] Google Maps JavaScript API has been loaded directly without loading=async. This can result in suboptimal performance. For best-practice loading patterns please see https://goo.gle/js-api-loading @ https://maps.googleapis.com/maps/api/js?key=AIzaSyBBPL41mFwmWqbqcMyUL3A6Y0BcDSs-7d4&language=ES&libraries=places:1519
[  790899ms] [LOG] Google Maps cargado @ https://kamary.l105.com/public/js/cliente.js?v1751507569:1935
[  790912ms] [LOG] Google Maps cargado @ https://kamary.l105.com/public/js/pedidoMuestra.js?v1752338097:3154
[  790912ms] [LOG] initEval, pedidoMuestra.js @ https://kamary.l105.com/public/js/pedidoMuestra.js?v1752338097:3157
[  790912ms] Uncaught InvalidValueError: Map: Expected mapDiv of type HTMLElement but was passed null.
    at _.Vm (https://maps.googleapis.com/maps/api/js?key=AIzaSyBBPL41mFwmWqbqcMyUL3A6Y0BcDSs-7d4&language=ES&libraries=places:1389:396)
    at _.fr (https://maps.googleapis.com/maps/api/js?key=AIzaSyBBPL41mFwmWqbqcMyUL3A6Y0BcDSs-7d4&language=ES&libraries=places:1464:273)
    at initEval (https://kamary.l105.com/public/js/pedidoMuestra.js?v1752338097:3159:8)
    at <anonymous> (https://kamary.l105.com/public/js/pedidoMuestra.js?v1752338097:3224:1)
    at dispatch (https://kamary.l105.com/public/js/core/jquery.min.js:2:7518)
    at r.handle (https://kamary.l105.com/public/js/core/jquery.min.js:2:5599)
[  795023ms] [LOG] Google Maps cargado @ https://kamary.l105.com/public/js/cliente.js?v1751507569:1935
[  795055ms] [WARNING] Google Maps JavaScript API has been loaded directly without loading=async. This can result in suboptimal performance. For best-practice loading patterns please see https://goo.gle/js-api-loading @ https://maps.googleapis.com/maps/api/js?key=AIzaSyBBPL41mFwmWqbqcMyUL3A6Y0BcDSs-7d4&language=ES&libraries=places:1519
[  795058ms] [LOG] Google Maps cargado @ https://kamary.l105.com/public/js/pedidoMuestra.js?v1752338097:3154
[  795058ms] [LOG] initEval, pedidoMuestra.js @ https://kamary.l105.com/public/js/pedidoMuestra.js?v1752338097:3157
[  795058ms] Uncaught InvalidValueError: Map: Expected mapDiv of type HTMLElement but was passed null.
    at _.Vm (https://maps.googleapis.com/maps/api/js?key=AIzaSyBBPL41mFwmWqbqcMyUL3A6Y0BcDSs-7d4&language=ES&libraries=places:1389:396)
    at _.fr (https://maps.googleapis.com/maps/api/js?key=AIzaSyBBPL41mFwmWqbqcMyUL3A6Y0BcDSs-7d4&language=ES&libraries=places:1464:273)
    at initEval (https://kamary.l105.com/public/js/pedidoMuestra.js?v1752338097:3159:8)
    at <anonymous> (https://kamary.l105.com/public/js/pedidoMuestra.js?v1752338097:3224:1)
    at dispatch (https://kamary.l105.com/public/js/core/jquery.min.js:2:7518)
    at r.handle (https://kamary.l105.com/public/js/core/jquery.min.js:2:5599)
[  801111ms] [WARNING] Google Maps JavaScript API has been loaded directly without loading=async. This can result in suboptimal performance. For best-practice loading patterns please see https://goo.gle/js-api-loading @ https://maps.googleapis.com/maps/api/js?key=AIzaSyBBPL41mFwmWqbqcMyUL3A6Y0BcDSs-7d4&language=ES&libraries=places:1519
[  801147ms] [LOG] Google Maps cargado @ https://kamary.l105.com/public/js/cliente.js?v1751507569:1935
[  801163ms] [LOG] Google Maps cargado @ https://kamary.l105.com/public/js/pedidoMuestra.js?v1752338097:3154
[  801163ms] [LOG] initEval, pedidoMuestra.js @ https://kamary.l105.com/public/js/pedidoMuestra.js?v1752338097:3157
[  801168ms] [WARNING] As of March 1st, 2025, google.maps.places.Autocomplete is not available to new customers. Please use google.maps.places.PlaceAutocompleteElement instead. At this time, google.maps.places.Autocomplete is not scheduled to be discontinued, but google.maps.places.PlaceAutocompleteElement is recommended over google.maps.places.Autocomplete. While google.maps.places.Autocomplete will continue to receive bug fixes for any major regressions, existing bugs in google.maps.places.Autocomplete will not be addressed. At least 12 months notice will be given before support is discontinued. Please see https://developers.google.com/maps/legacy for additional details and https://developers.google.com/maps/documentation/javascript/places-migration-overview for the migration guide. @ https://maps.googleapis.com/maps/api/js?key=AIzaSyBBPL41mFwmWqbqcMyUL3A6Y0BcDSs-7d4&language=ES&libraries=places:634
[  801169ms] [WARNING] As of February 21st, 2024, google.maps.Marker is deprecated. Please use google.maps.marker.AdvancedMarkerElement instead. At this time, google.maps.Marker is not scheduled to be discontinued, but google.maps.marker.AdvancedMarkerElement is recommended over google.maps.Marker. While google.maps.Marker will continue to receive bug fixes for any major regressions, existing bugs in google.maps.Marker will not be addressed. At least 12 months notice will be given before support is discontinued. Please see https://developers.google.com/maps/deprecations for additional details and https://developers.google.com/maps/documentation/javascript/advanced-markers/migration for the migration guide. @ https://maps.googleapis.com/maps/api/js?key=AIzaSyBBPL41mFwmWqbqcMyUL3A6Y0BcDSs-7d4&language=ES&libraries=places:1620
[  801171ms] [LOG] initEval, cliente.js @ https://kamary.l105.com/public/js/cliente.js?v1751507569:1941
[  801172ms] [ERROR] InvalidValueError: not an instance of HTMLInputElement @ https://maps.googleapis.com/maps/api/js?key=AIzaSyBBPL41mFwmWqbqcMyUL3A6Y0BcDSs-7d4&language=ES&libraries=places:1385
[  801172ms] [LOG] ======================= @ https://kamary.l105.com/public/js/cliente.js?v1751507569:1964
[  801172ms] [LOG] initEval, pedido.js @ https://kamary.l105.com/public/js/pages/pedido.js?v1454874443:492
[  801175ms] [WARNING] As of March 1st, 2025, google.maps.places.Autocomplete is not available to new customers. Please use google.maps.places.PlaceAutocompleteElement instead. At this time, google.maps.places.Autocomplete is not scheduled to be discontinued, but google.maps.places.PlaceAutocompleteElement is recommended over google.maps.places.Autocomplete. While google.maps.places.Autocomplete will continue to receive bug fixes for any major regressions, existing bugs in google.maps.places.Autocomplete will not be addressed. At least 12 months notice will be given before support is discontinued. Please see https://developers.google.com/maps/legacy for additional details and https://developers.google.com/maps/documentation/javascript/places-migration-overview for the migration guide. @ https://maps.googleapis.com/maps/api/js?key=AIzaSyBBPL41mFwmWqbqcMyUL3A6Y0BcDSs-7d4&language=ES&libraries=places:634
[  801176ms] [LOG] ======================= @ https://kamary.l105.com/public/js/pages/pedido.js?v1454874443:515
[  804031ms] [WARNING] Google Maps JavaScript API has been loaded directly without loading=async. This can result in suboptimal performance. For best-practice loading patterns please see https://goo.gle/js-api-loading @ https://maps.googleapis.com/maps/api/js?key=AIzaSyBBPL41mFwmWqbqcMyUL3A6Y0BcDSs-7d4&language=ES&libraries=places:1519
[  804175ms] [LOG] Google Maps cargado @ https://kamary.l105.com/public/js/cliente.js?v1751507569:1935
[  804186ms] [LOG] Google Maps cargado @ https://kamary.l105.com/public/js/pedidoMuestra.js?v1752338097:3154
[  804186ms] [LOG] initEval, pedidoMuestra.js @ https://kamary.l105.com/public/js/pedidoMuestra.js?v1752338097:3157
[  804186ms] Uncaught InvalidValueError: Map: Expected mapDiv of type HTMLElement but was passed null.
    at _.Vm (https://maps.googleapis.com/maps/api/js?key=AIzaSyBBPL41mFwmWqbqcMyUL3A6Y0BcDSs-7d4&language=ES&libraries=places:1389:396)
    at _.fr (https://maps.googleapis.com/maps/api/js?key=AIzaSyBBPL41mFwmWqbqcMyUL3A6Y0BcDSs-7d4&language=ES&libraries=places:1464:273)
    at initEval (https://kamary.l105.com/public/js/pedidoMuestra.js?v1752338097:3159:8)
    at <anonymous> (https://kamary.l105.com/public/js/pedidoMuestra.js?v1752338097:3224:1)
    at dispatch (https://kamary.l105.com/public/js/core/jquery.min.js:2:7518)
    at r.handle (https://kamary.l105.com/public/js/core/jquery.min.js:2:5599)
[  815223ms] [LOG] Google Maps cargado @ https://kamary.l105.com/public/js/cliente.js?v1751507569:1935
[  815249ms] [WARNING] Google Maps JavaScript API has been loaded directly without loading=async. This can result in suboptimal performance. For best-practice loading patterns please see https://goo.gle/js-api-loading @ https://maps.googleapis.com/maps/api/js?key=AIzaSyBBPL41mFwmWqbqcMyUL3A6Y0BcDSs-7d4&language=ES&libraries=places:1519
[  815253ms] [LOG] Google Maps cargado @ https://kamary.l105.com/public/js/pedidoMuestra.js?v1752338097:3154
[  815253ms] [LOG] initEval, pedidoMuestra.js @ https://kamary.l105.com/public/js/pedidoMuestra.js?v1752338097:3157
[  815256ms] [WARNING] As of March 1st, 2025, google.maps.places.Autocomplete is not available to new customers. Please use google.maps.places.PlaceAutocompleteElement instead. At this time, google.maps.places.Autocomplete is not scheduled to be discontinued, but google.maps.places.PlaceAutocompleteElement is recommended over google.maps.places.Autocomplete. While google.maps.places.Autocomplete will continue to receive bug fixes for any major regressions, existing bugs in google.maps.places.Autocomplete will not be addressed. At least 12 months notice will be given before support is discontinued. Please see https://developers.google.com/maps/legacy for additional details and https://developers.google.com/maps/documentation/javascript/places-migration-overview for the migration guide. @ https://maps.googleapis.com/maps/api/js?key=AIzaSyBBPL41mFwmWqbqcMyUL3A6Y0BcDSs-7d4&language=ES&libraries=places:634
[  815257ms] [WARNING] As of February 21st, 2024, google.maps.Marker is deprecated. Please use google.maps.marker.AdvancedMarkerElement instead. At this time, google.maps.Marker is not scheduled to be discontinued, but google.maps.marker.AdvancedMarkerElement is recommended over google.maps.Marker. While google.maps.Marker will continue to receive bug fixes for any major regressions, existing bugs in google.maps.Marker will not be addressed. At least 12 months notice will be given before support is discontinued. Please see https://developers.google.com/maps/deprecations for additional details and https://developers.google.com/maps/documentation/javascript/advanced-markers/migration for the migration guide. @ https://maps.googleapis.com/maps/api/js?key=AIzaSyBBPL41mFwmWqbqcMyUL3A6Y0BcDSs-7d4&language=ES&libraries=places:1620
[  815259ms] [LOG] initEval, cliente.js @ https://kamary.l105.com/public/js/cliente.js?v1751507569:1941
[  815261ms] [ERROR] InvalidValueError: not an instance of HTMLInputElement @ https://maps.googleapis.com/maps/api/js?key=AIzaSyBBPL41mFwmWqbqcMyUL3A6Y0BcDSs-7d4&language=ES&libraries=places:1385
[  815261ms] [LOG] ======================= @ https://kamary.l105.com/public/js/cliente.js?v1751507569:1964
[  826295ms] [LOG] Google Maps cargado @ https://kamary.l105.com/public/js/cliente.js?v1751507569:1935
[  826324ms] [WARNING] Google Maps JavaScript API has been loaded directly without loading=async. This can result in suboptimal performance. For best-practice loading patterns please see https://goo.gle/js-api-loading @ https://maps.googleapis.com/maps/api/js?key=AIzaSyBBPL41mFwmWqbqcMyUL3A6Y0BcDSs-7d4&language=ES&libraries=places:1519
[  826328ms] [LOG] Google Maps cargado @ https://kamary.l105.com/public/js/pedidoMuestra.js?v1752338097:3154
[  826328ms] [LOG] initEval, pedidoMuestra.js @ https://kamary.l105.com/public/js/pedidoMuestra.js?v1752338097:3157
[  826328ms] Uncaught InvalidValueError: Map: Expected mapDiv of type HTMLElement but was passed null.
    at _.Vm (https://maps.googleapis.com/maps/api/js?key=AIzaSyBBPL41mFwmWqbqcMyUL3A6Y0BcDSs-7d4&language=ES&libraries=places:1389:396)
    at _.fr (https://maps.googleapis.com/maps/api/js?key=AIzaSyBBPL41mFwmWqbqcMyUL3A6Y0BcDSs-7d4&language=ES&libraries=places:1464:273)
    at initEval (https://kamary.l105.com/public/js/pedidoMuestra.js?v1752338097:3159:8)
    at <anonymous> (https://kamary.l105.com/public/js/pedidoMuestra.js?v1752338097:3224:1)
    at dispatch (https://kamary.l105.com/public/js/core/jquery.min.js:2:7518)
    at r.handle (https://kamary.l105.com/public/js/core/jquery.min.js:2:5599)
[  837056ms] [LOG] Google Maps cargado @ https://kamary.l105.com/public/js/cliente.js?v1751507569:1935
[  837070ms] [WARNING] Google Maps JavaScript API has been loaded directly without loading=async. This can result in suboptimal performance. For best-practice loading patterns please see https://goo.gle/js-api-loading @ https://maps.googleapis.com/maps/api/js?key=AIzaSyBBPL41mFwmWqbqcMyUL3A6Y0BcDSs-7d4&language=ES&libraries=places:1519
[  837074ms] [LOG] Google Maps cargado @ https://kamary.l105.com/public/js/pedidoMuestra.js?v1752338097:3154
[  837074ms] [LOG] initEval, pedidoMuestra.js @ https://kamary.l105.com/public/js/pedidoMuestra.js?v1752338097:3157
[  837074ms] Uncaught InvalidValueError: Map: Expected mapDiv of type HTMLElement but was passed null.
    at _.Vm (https://maps.googleapis.com/maps/api/js?key=AIzaSyBBPL41mFwmWqbqcMyUL3A6Y0BcDSs-7d4&language=ES&libraries=places:1389:396)
    at _.fr (https://maps.googleapis.com/maps/api/js?key=AIzaSyBBPL41mFwmWqbqcMyUL3A6Y0BcDSs-7d4&language=ES&libraries=places:1464:273)
    at initEval (https://kamary.l105.com/public/js/pedidoMuestra.js?v1752338097:3159:8)
    at <anonymous> (https://kamary.l105.com/public/js/pedidoMuestra.js?v1752338097:3224:1)
    at dispatch (https://kamary.l105.com/public/js/core/jquery.min.js:2:7518)
    at r.handle (https://kamary.l105.com/public/js/core/jquery.min.js:2:5599)
[  839878ms] [LOG] Google Maps cargado @ https://kamary.l105.com/public/js/cliente.js?v1751507569:1935
[  839908ms] [WARNING] Google Maps JavaScript API has been loaded directly without loading=async. This can result in suboptimal performance. For best-practice loading patterns please see https://goo.gle/js-api-loading @ https://maps.googleapis.com/maps/api/js?key=AIzaSyBBPL41mFwmWqbqcMyUL3A6Y0BcDSs-7d4&language=ES&libraries=places:1519
[  839912ms] [LOG] Google Maps cargado @ https://kamary.l105.com/public/js/pedidoMuestra.js?v1752338097:3154
[  839913ms] [LOG] initEval, pedidoMuestra.js @ https://kamary.l105.com/public/js/pedidoMuestra.js?v1752338097:3157
[  839913ms] Uncaught InvalidValueError: Map: Expected mapDiv of type HTMLElement but was passed null.
    at _.Vm (https://maps.googleapis.com/maps/api/js?key=AIzaSyBBPL41mFwmWqbqcMyUL3A6Y0BcDSs-7d4&language=ES&libraries=places:1389:396)
    at _.fr (https://maps.googleapis.com/maps/api/js?key=AIzaSyBBPL41mFwmWqbqcMyUL3A6Y0BcDSs-7d4&language=ES&libraries=places:1464:273)
    at initEval (https://kamary.l105.com/public/js/pedidoMuestra.js?v1752338097:3159:8)
    at <anonymous> (https://kamary.l105.com/public/js/pedidoMuestra.js?v1752338097:3224:1)
    at dispatch (https://kamary.l105.com/public/js/core/jquery.min.js:2:7518)
    at r.handle (https://kamary.l105.com/public/js/core/jquery.min.js:2:5599)
[  842743ms] [LOG] Google Maps cargado @ https://kamary.l105.com/public/js/cliente.js?v1751507569:1935
[  842763ms] [WARNING] Google Maps JavaScript API has been loaded directly without loading=async. This can result in suboptimal performance. For best-practice loading patterns please see https://goo.gle/js-api-loading @ https://maps.googleapis.com/maps/api/js?key=AIzaSyBBPL41mFwmWqbqcMyUL3A6Y0BcDSs-7d4&language=ES&libraries=places:1519
[  842769ms] [LOG] Google Maps cargado @ https://kamary.l105.com/public/js/pedidoMuestra.js?v1752338097:3154
[  842770ms] [LOG] initEval, pedidoMuestra.js @ https://kamary.l105.com/public/js/pedidoMuestra.js?v1752338097:3157
[  842769ms] Uncaught InvalidValueError: Map: Expected mapDiv of type HTMLElement but was passed null.
    at _.Vm (https://maps.googleapis.com/maps/api/js?key=AIzaSyBBPL41mFwmWqbqcMyUL3A6Y0BcDSs-7d4&language=ES&libraries=places:1389:396)
    at _.fr (https://maps.googleapis.com/maps/api/js?key=AIzaSyBBPL41mFwmWqbqcMyUL3A6Y0BcDSs-7d4&language=ES&libraries=places:1464:273)
    at initEval (https://kamary.l105.com/public/js/pedidoMuestra.js?v1752338097:3159:8)
    at <anonymous> (https://kamary.l105.com/public/js/pedidoMuestra.js?v1752338097:3224:1)
    at dispatch (https://kamary.l105.com/public/js/core/jquery.min.js:2:7518)
    at r.handle (https://kamary.l105.com/public/js/core/jquery.min.js:2:5599)
[  846385ms] [LOG] Google Maps cargado @ https://kamary.l105.com/public/js/cliente.js?v1751507569:1935
[  846397ms] [WARNING] Google Maps JavaScript API has been loaded directly without loading=async. This can result in suboptimal performance. For best-practice loading patterns please see https://goo.gle/js-api-loading @ https://maps.googleapis.com/maps/api/js?key=AIzaSyBBPL41mFwmWqbqcMyUL3A6Y0BcDSs-7d4&language=ES&libraries=places:1519
[  846401ms] [LOG] Google Maps cargado @ https://kamary.l105.com/public/js/pedidoMuestra.js?v1752338097:3154
[  846401ms] [LOG] initEval, pedidoMuestra.js @ https://kamary.l105.com/public/js/pedidoMuestra.js?v1752338097:3157
[  846401ms] Uncaught InvalidValueError: Map: Expected mapDiv of type HTMLElement but was passed null.
    at _.Vm (https://maps.googleapis.com/maps/api/js?key=AIzaSyBBPL41mFwmWqbqcMyUL3A6Y0BcDSs-7d4&language=ES&libraries=places:1389:396)
    at _.fr (https://maps.googleapis.com/maps/api/js?key=AIzaSyBBPL41mFwmWqbqcMyUL3A6Y0BcDSs-7d4&language=ES&libraries=places:1464:273)
    at initEval (https://kamary.l105.com/public/js/pedidoMuestra.js?v1752338097:3159:8)
    at <anonymous> (https://kamary.l105.com/public/js/pedidoMuestra.js?v1752338097:3224:1)
    at dispatch (https://kamary.l105.com/public/js/core/jquery.min.js:2:7518)
    at r.handle (https://kamary.l105.com/public/js/core/jquery.min.js:2:5599)
[  851842ms] [LOG] Google Maps cargado @ https://kamary.l105.com/public/js/cliente.js?v1751507569:1935
[  851869ms] [WARNING] Google Maps JavaScript API has been loaded directly without loading=async. This can result in suboptimal performance. For best-practice loading patterns please see https://goo.gle/js-api-loading @ https://maps.googleapis.com/maps/api/js?key=AIzaSyBBPL41mFwmWqbqcMyUL3A6Y0BcDSs-7d4&language=ES&libraries=places:1519
[  851873ms] [LOG] Google Maps cargado @ https://kamary.l105.com/public/js/pedidoMuestra.js?v1752338097:3154
[  851873ms] [LOG] initEval, pedidoMuestra.js @ https://kamary.l105.com/public/js/pedidoMuestra.js?v1752338097:3157
[  851878ms] [WARNING] As of March 1st, 2025, google.maps.places.Autocomplete is not available to new customers. Please use google.maps.places.PlaceAutocompleteElement instead. At this time, google.maps.places.Autocomplete is not scheduled to be discontinued, but google.maps.places.PlaceAutocompleteElement is recommended over google.maps.places.Autocomplete. While google.maps.places.Autocomplete will continue to receive bug fixes for any major regressions, existing bugs in google.maps.places.Autocomplete will not be addressed. At least 12 months notice will be given before support is discontinued. Please see https://developers.google.com/maps/legacy for additional details and https://developers.google.com/maps/documentation/javascript/places-migration-overview for the migration guide. @ https://maps.googleapis.com/maps/api/js?key=AIzaSyBBPL41mFwmWqbqcMyUL3A6Y0BcDSs-7d4&language=ES&libraries=places:634
[  851879ms] [WARNING] As of February 21st, 2024, google.maps.Marker is deprecated. Please use google.maps.marker.AdvancedMarkerElement instead. At this time, google.maps.Marker is not scheduled to be discontinued, but google.maps.marker.AdvancedMarkerElement is recommended over google.maps.Marker. While google.maps.Marker will continue to receive bug fixes for any major regressions, existing bugs in google.maps.Marker will not be addressed. At least 12 months notice will be given before support is discontinued. Please see https://developers.google.com/maps/deprecations for additional details and https://developers.google.com/maps/documentation/javascript/advanced-markers/migration for the migration guide. @ https://maps.googleapis.com/maps/api/js?key=AIzaSyBBPL41mFwmWqbqcMyUL3A6Y0BcDSs-7d4&language=ES&libraries=places:1620
[  851881ms] [LOG] initEval, cliente.js @ https://kamary.l105.com/public/js/cliente.js?v1751507569:1941
[  851882ms] [ERROR] InvalidValueError: not an instance of HTMLInputElement @ https://maps.googleapis.com/maps/api/js?key=AIzaSyBBPL41mFwmWqbqcMyUL3A6Y0BcDSs-7d4&language=ES&libraries=places:1385
[  851883ms] [LOG] ======================= @ https://kamary.l105.com/public/js/cliente.js?v1751507569:1964
[  853950ms] [ERROR] Failed to load resource: the server responded with a status of 404 (Not Found) @ https://kamary.l105.com/public/css/new.css:0
[  853950ms] [ERROR] Failed to load resource: the server responded with a status of 404 (Not Found) @ https://kamary.l105.com/public/js/plugins/multiple-select/multiple-select.css:0
[  853952ms] [ERROR] Failed to load resource: the server responded with a status of 404 (Not Found) @ https://kamary.l105.com/public/js/plugins/multiple-select/bootstrap.css:0
[  854103ms] [ERROR] Failed to load resource: the server responded with a status of 404 (Not Found) @ https://kamary.l105.com/public/img/recursos/logo_imm.jpg:0
[  854279ms] [ERROR] Failed to load resource: the server responded with a status of 404 (Not Found) @ https://kamary.l105.com/public/js/pages/base_forms_wizard.js:0
[  854567ms] [ERROR] Failed to load resource: the server responded with a status of 404 (Not Found) @ https://kamary.l105.com/public/js/libraries/html2canvas.min.js:0
[  854697ms] [ERROR] Failed to load resource: the server responded with a status of 404 (Not Found) @ https://kamary.l105.com/public/js/plugins/multiple-select/multiple-select.js:0
[  855235ms] [ERROR] CKEditorError: Cannot convert undefined or null to object
Read more: https://ckeditor.com/docs/ckeditor5/latest/support/error-codes.html#error-Cannot convert undefined or null to object
    at Object.keys (<anonymous>)
    at ou.init (https://cdn.ckeditor.com/ckeditor5/36.0.1/classic/ckeditor.js:6:569572)
    at ou.<anonymous> (https://cdn.ckeditor.com/ckeditor5/36.0.1/classic/ckeditor.js:6:318383)
    at ou.fire (https://cdn.ckeditor.com/ckeditor5/36.0.1/classic/ckeditor.js:6:314751)
    at <computed> [as init] (https://cdn.ckeditor.com/ckeditor5/36.0.1/classic/ckeditor.js:6:318435)
    at https://cdn.ckeditor.com/ckeditor5/36.0.1/classic/ckeditor.js:6:728728 @ https://kamary.l105.com/public/js/produccion/custom2.js?v185194295:12
[  855235ms] [ERROR] CKEditorError: Cannot convert undefined or null to object
Read more: https://ckeditor.com/docs/ckeditor5/latest/support/error-codes.html#error-Cannot convert undefined or null to object
    at Object.keys (<anonymous>)
    at ou.init (https://cdn.ckeditor.com/ckeditor5/36.0.1/classic/ckeditor.js:6:569572)
    at ou.<anonymous> (https://cdn.ckeditor.com/ckeditor5/36.0.1/classic/ckeditor.js:6:318383)
    at ou.fire (https://cdn.ckeditor.com/ckeditor5/36.0.1/classic/ckeditor.js:6:314751)
    at <computed> [as init] (https://cdn.ckeditor.com/ckeditor5/36.0.1/classic/ckeditor.js:6:318435)
    at https://cdn.ckeditor.com/ckeditor5/36.0.1/classic/ckeditor.js:6:728728 @ https://kamary.l105.com/public/js/produccion/custom2.js?v185194295:12
[  855236ms] [ERROR] CKEditorError: Cannot convert undefined or null to object
Read more: https://ckeditor.com/docs/ckeditor5/latest/support/error-codes.html#error-Cannot convert undefined or null to object
    at Object.keys (<anonymous>)
    at ou.init (https://cdn.ckeditor.com/ckeditor5/36.0.1/classic/ckeditor.js:6:569572)
    at ou.<anonymous> (https://cdn.ckeditor.com/ckeditor5/36.0.1/classic/ckeditor.js:6:318383)
    at ou.fire (https://cdn.ckeditor.com/ckeditor5/36.0.1/classic/ckeditor.js:6:314751)
    at <computed> [as init] (https://cdn.ckeditor.com/ckeditor5/36.0.1/classic/ckeditor.js:6:318435)
    at https://cdn.ckeditor.com/ckeditor5/36.0.1/classic/ckeditor.js:6:728728 @ https://kamary.l105.com/public/js/produccion/custom2.js?v185194295:12
[  855236ms] [ERROR] CKEditorError: Cannot convert undefined or null to object
Read more: https://ckeditor.com/docs/ckeditor5/latest/support/error-codes.html#error-Cannot convert undefined or null to object
    at Object.keys (<anonymous>)
    at ou.init (https://cdn.ckeditor.com/ckeditor5/36.0.1/classic/ckeditor.js:6:569572)
    at ou.<anonymous> (https://cdn.ckeditor.com/ckeditor5/36.0.1/classic/ckeditor.js:6:318383)
    at ou.fire (https://cdn.ckeditor.com/ckeditor5/36.0.1/classic/ckeditor.js:6:314751)
    at <computed> [as init] (https://cdn.ckeditor.com/ckeditor5/36.0.1/classic/ckeditor.js:6:318435)
    at https://cdn.ckeditor.com/ckeditor5/36.0.1/classic/ckeditor.js:6:728728 @ https://kamary.l105.com/public/js/produccion/custom2.js?v185194295:12
[  855236ms] [ERROR] CKEditorError: Cannot convert undefined or null to object
Read more: https://ckeditor.com/docs/ckeditor5/latest/support/error-codes.html#error-Cannot convert undefined or null to object
    at Object.keys (<anonymous>)
    at ou.init (https://cdn.ckeditor.com/ckeditor5/36.0.1/classic/ckeditor.js:6:569572)
    at ou.<anonymous> (https://cdn.ckeditor.com/ckeditor5/36.0.1/classic/ckeditor.js:6:318383)
    at ou.fire (https://cdn.ckeditor.com/ckeditor5/36.0.1/classic/ckeditor.js:6:314751)
    at <computed> [as init] (https://cdn.ckeditor.com/ckeditor5/36.0.1/classic/ckeditor.js:6:318435)
    at https://cdn.ckeditor.com/ckeditor5/36.0.1/classic/ckeditor.js:6:728728 @ https://kamary.l105.com/public/js/produccion/custom2.js?v185194295:12
[  855236ms] [ERROR] CKEditorError: Cannot convert undefined or null to object
Read more: https://ckeditor.com/docs/ckeditor5/latest/support/error-codes.html#error-Cannot convert undefined or null to object
    at Object.keys (<anonymous>)
    at ou.init (https://cdn.ckeditor.com/ckeditor5/36.0.1/classic/ckeditor.js:6:569572)
    at ou.<anonymous> (https://cdn.ckeditor.com/ckeditor5/36.0.1/classic/ckeditor.js:6:318383)
    at ou.fire (https://cdn.ckeditor.com/ckeditor5/36.0.1/classic/ckeditor.js:6:314751)
    at <computed> [as init] (https://cdn.ckeditor.com/ckeditor5/36.0.1/classic/ckeditor.js:6:318435)
    at https://cdn.ckeditor.com/ckeditor5/36.0.1/classic/ckeditor.js:6:728728 @ https://kamary.l105.com/public/js/produccion/custom2.js?v185194295:12
[  855236ms] [ERROR] CKEditorError: Cannot convert undefined or null to object
Read more: https://ckeditor.com/docs/ckeditor5/latest/support/error-codes.html#error-Cannot convert undefined or null to object
    at Object.keys (<anonymous>)
    at ou.init (https://cdn.ckeditor.com/ckeditor5/36.0.1/classic/ckeditor.js:6:569572)
    at ou.<anonymous> (https://cdn.ckeditor.com/ckeditor5/36.0.1/classic/ckeditor.js:6:318383)
    at ou.fire (https://cdn.ckeditor.com/ckeditor5/36.0.1/classic/ckeditor.js:6:314751)
    at <computed> [as init] (https://cdn.ckeditor.com/ckeditor5/36.0.1/classic/ckeditor.js:6:318435)
    at https://cdn.ckeditor.com/ckeditor5/36.0.1/classic/ckeditor.js:6:728728 @ https://kamary.l105.com/public/js/produccion/custom2.js?v185194295:12
[  855236ms] [ERROR] CKEditorError: Cannot convert undefined or null to object
Read more: https://ckeditor.com/docs/ckeditor5/latest/support/error-codes.html#error-Cannot convert undefined or null to object
    at Object.keys (<anonymous>)
    at ou.init (https://cdn.ckeditor.com/ckeditor5/36.0.1/classic/ckeditor.js:6:569572)
    at ou.<anonymous> (https://cdn.ckeditor.com/ckeditor5/36.0.1/classic/ckeditor.js:6:318383)
    at ou.fire (https://cdn.ckeditor.com/ckeditor5/36.0.1/classic/ckeditor.js:6:314751)
    at <computed> [as init] (https://cdn.ckeditor.com/ckeditor5/36.0.1/classic/ckeditor.js:6:318435)
    at https://cdn.ckeditor.com/ckeditor5/36.0.1/classic/ckeditor.js:6:728728 @ https://kamary.l105.com/public/js/produccion/custom2.js?v185194295:12
[  855252ms] [WARNING] Google Maps JavaScript API has been loaded directly without loading=async. This can result in suboptimal performance. For best-practice loading patterns please see https://goo.gle/js-api-loading @ https://maps.googleapis.com/maps/api/js?key=AIzaSyBBPL41mFwmWqbqcMyUL3A6Y0BcDSs-7d4&language=ES&libraries=places:1519
[  855255ms] Uncaught InvalidValueError: Map: Expected mapDiv of type HTMLElement but was passed null.
    at _.Vm (https://maps.googleapis.com/maps/api/js?key=AIzaSyBBPL41mFwmWqbqcMyUL3A6Y0BcDSs-7d4&language=ES&libraries=places:1389:396)
    at _.fr (https://maps.googleapis.com/maps/api/js?key=AIzaSyBBPL41mFwmWqbqcMyUL3A6Y0BcDSs-7d4&language=ES&libraries=places:1464:273)
    at initEval (https://kamary.l105.com/public/js/produccion/custom2.js?v185194295:19292:18)
    at <anonymous> (https://kamary.l105.com/public/js/produccion/custom2.js?v185194295:19361:8)
    at dispatch (https://kamary.l105.com/public/js/core/jquery.min.js:2:7518)
    at r.handle (https://kamary.l105.com/public/js/core/jquery.min.js:2:5599)
[  857113ms] [ERROR] Failed to load resource: the server responded with a status of 404 (Not Found) @ https://kamary.l105.com/public/img/recursos/logo_imm.jpg:0
[  857127ms] [ERROR] Failed to load resource: the server responded with a status of 404 (Not Found) @ https://kamary.l105.com/public/js/plugins/multiple-select/multiple-select.css:0
[  857144ms] [ERROR] Failed to load resource: the server responded with a status of 404 (Not Found) @ https://kamary.l105.com/public/css/new.css:0
[  857144ms] [ERROR] Failed to load resource: the server responded with a status of 404 (Not Found) @ https://kamary.l105.com/public/js/plugins/multiple-select/bootstrap.css:0
[  857253ms] [ERROR] Failed to load resource: the server responded with a status of 404 (Not Found) @ https://kamary.l105.com/public/js/libraries/html2canvas.min.js:0
[  857254ms] [ERROR] Failed to load resource: the server responded with a status of 404 (Not Found) @ https://kamary.l105.com/public/js/pages/base_forms_wizard.js:0
[  857297ms] [ERROR] Failed to load resource: the server responded with a status of 404 (Not Found) @ https://kamary.l105.com/public/js/plugins/multiple-select/multiple-select.js:0
[  858949ms] [ERROR] CKEditorError: Cannot convert undefined or null to object
Read more: https://ckeditor.com/docs/ckeditor5/latest/support/error-codes.html#error-Cannot convert undefined or null to object
    at Object.keys (<anonymous>)
    at ou.init (https://cdn.ckeditor.com/ckeditor5/36.0.1/classic/ckeditor.js:6:569572)
    at ou.<anonymous> (https://cdn.ckeditor.com/ckeditor5/36.0.1/classic/ckeditor.js:6:318383)
    at ou.fire (https://cdn.ckeditor.com/ckeditor5/36.0.1/classic/ckeditor.js:6:314751)
    at <computed> [as init] (https://cdn.ckeditor.com/ckeditor5/36.0.1/classic/ckeditor.js:6:318435)
    at https://cdn.ckeditor.com/ckeditor5/36.0.1/classic/ckeditor.js:6:728728 @ https://kamary.l105.com/public/js/produccion/custom2.js?v671183218:12
[  858949ms] [ERROR] CKEditorError: Cannot convert undefined or null to object
Read more: https://ckeditor.com/docs/ckeditor5/latest/support/error-codes.html#error-Cannot convert undefined or null to object
    at Object.keys (<anonymous>)
    at ou.init (https://cdn.ckeditor.com/ckeditor5/36.0.1/classic/ckeditor.js:6:569572)
    at ou.<anonymous> (https://cdn.ckeditor.com/ckeditor5/36.0.1/classic/ckeditor.js:6:318383)
    at ou.fire (https://cdn.ckeditor.com/ckeditor5/36.0.1/classic/ckeditor.js:6:314751)
    at <computed> [as init] (https://cdn.ckeditor.com/ckeditor5/36.0.1/classic/ckeditor.js:6:318435)
    at https://cdn.ckeditor.com/ckeditor5/36.0.1/classic/ckeditor.js:6:728728 @ https://kamary.l105.com/public/js/produccion/custom2.js?v671183218:12
[  858949ms] [ERROR] CKEditorError: Cannot convert undefined or null to object
Read more: https://ckeditor.com/docs/ckeditor5/latest/support/error-codes.html#error-Cannot convert undefined or null to object
    at Object.keys (<anonymous>)
    at ou.init (https://cdn.ckeditor.com/ckeditor5/36.0.1/classic/ckeditor.js:6:569572)
    at ou.<anonymous> (https://cdn.ckeditor.com/ckeditor5/36.0.1/classic/ckeditor.js:6:318383)
    at ou.fire (https://cdn.ckeditor.com/ckeditor5/36.0.1/classic/ckeditor.js:6:314751)
    at <computed> [as init] (https://cdn.ckeditor.com/ckeditor5/36.0.1/classic/ckeditor.js:6:318435)
    at https://cdn.ckeditor.com/ckeditor5/36.0.1/classic/ckeditor.js:6:728728 @ https://kamary.l105.com/public/js/produccion/custom2.js?v671183218:12
[  858949ms] [ERROR] CKEditorError: Cannot convert undefined or null to object
Read more: https://ckeditor.com/docs/ckeditor5/latest/support/error-codes.html#error-Cannot convert undefined or null to object
    at Object.keys (<anonymous>)
    at ou.init (https://cdn.ckeditor.com/ckeditor5/36.0.1/classic/ckeditor.js:6:569572)
    at ou.<anonymous> (https://cdn.ckeditor.com/ckeditor5/36.0.1/classic/ckeditor.js:6:318383)
    at ou.fire (https://cdn.ckeditor.com/ckeditor5/36.0.1/classic/ckeditor.js:6:314751)
    at <computed> [as init] (https://cdn.ckeditor.com/ckeditor5/36.0.1/classic/ckeditor.js:6:318435)
    at https://cdn.ckeditor.com/ckeditor5/36.0.1/classic/ckeditor.js:6:728728 @ https://kamary.l105.com/public/js/produccion/custom2.js?v671183218:12
[  858949ms] [ERROR] CKEditorError: Cannot convert undefined or null to object
Read more: https://ckeditor.com/docs/ckeditor5/latest/support/error-codes.html#error-Cannot convert undefined or null to object
    at Object.keys (<anonymous>)
    at ou.init (https://cdn.ckeditor.com/ckeditor5/36.0.1/classic/ckeditor.js:6:569572)
    at ou.<anonymous> (https://cdn.ckeditor.com/ckeditor5/36.0.1/classic/ckeditor.js:6:318383)
    at ou.fire (https://cdn.ckeditor.com/ckeditor5/36.0.1/classic/ckeditor.js:6:314751)
    at <computed> [as init] (https://cdn.ckeditor.com/ckeditor5/36.0.1/classic/ckeditor.js:6:318435)
    at https://cdn.ckeditor.com/ckeditor5/36.0.1/classic/ckeditor.js:6:728728 @ https://kamary.l105.com/public/js/produccion/custom2.js?v671183218:12
[  858949ms] [ERROR] CKEditorError: Cannot convert undefined or null to object
Read more: https://ckeditor.com/docs/ckeditor5/latest/support/error-codes.html#error-Cannot convert undefined or null to object
    at Object.keys (<anonymous>)
    at ou.init (https://cdn.ckeditor.com/ckeditor5/36.0.1/classic/ckeditor.js:6:569572)
    at ou.<anonymous> (https://cdn.ckeditor.com/ckeditor5/36.0.1/classic/ckeditor.js:6:318383)
    at ou.fire (https://cdn.ckeditor.com/ckeditor5/36.0.1/classic/ckeditor.js:6:314751)
    at <computed> [as init] (https://cdn.ckeditor.com/ckeditor5/36.0.1/classic/ckeditor.js:6:318435)
    at https://cdn.ckeditor.com/ckeditor5/36.0.1/classic/ckeditor.js:6:728728 @ https://kamary.l105.com/public/js/produccion/custom2.js?v671183218:12
[  858949ms] [ERROR] CKEditorError: Cannot convert undefined or null to object
Read more: https://ckeditor.com/docs/ckeditor5/latest/support/error-codes.html#error-Cannot convert undefined or null to object
    at Object.keys (<anonymous>)
    at ou.init (https://cdn.ckeditor.com/ckeditor5/36.0.1/classic/ckeditor.js:6:569572)
    at ou.<anonymous> (https://cdn.ckeditor.com/ckeditor5/36.0.1/classic/ckeditor.js:6:318383)
    at ou.fire (https://cdn.ckeditor.com/ckeditor5/36.0.1/classic/ckeditor.js:6:314751)
    at <computed> [as init] (https://cdn.ckeditor.com/ckeditor5/36.0.1/classic/ckeditor.js:6:318435)
    at https://cdn.ckeditor.com/ckeditor5/36.0.1/classic/ckeditor.js:6:728728 @ https://kamary.l105.com/public/js/produccion/custom2.js?v671183218:12
[  858949ms] [ERROR] CKEditorError: Cannot convert undefined or null to object
Read more: https://ckeditor.com/docs/ckeditor5/latest/support/error-codes.html#error-Cannot convert undefined or null to object
    at Object.keys (<anonymous>)
    at ou.init (https://cdn.ckeditor.com/ckeditor5/36.0.1/classic/ckeditor.js:6:569572)
    at ou.<anonymous> (https://cdn.ckeditor.com/ckeditor5/36.0.1/classic/ckeditor.js:6:318383)
    at ou.fire (https://cdn.ckeditor.com/ckeditor5/36.0.1/classic/ckeditor.js:6:314751)
    at <computed> [as init] (https://cdn.ckeditor.com/ckeditor5/36.0.1/classic/ckeditor.js:6:318435)
    at https://cdn.ckeditor.com/ckeditor5/36.0.1/classic/ckeditor.js:6:728728 @ https://kamary.l105.com/public/js/produccion/custom2.js?v671183218:12
[  858963ms] [WARNING] Google Maps JavaScript API has been loaded directly without loading=async. This can result in suboptimal performance. For best-practice loading patterns please see https://goo.gle/js-api-loading @ https://maps.googleapis.com/maps/api/js?key=AIzaSyBBPL41mFwmWqbqcMyUL3A6Y0BcDSs-7d4&language=ES&libraries=places:1519
[  858967ms] Uncaught InvalidValueError: Map: Expected mapDiv of type HTMLElement but was passed null.
    at _.Vm (https://maps.googleapis.com/maps/api/js?key=AIzaSyBBPL41mFwmWqbqcMyUL3A6Y0BcDSs-7d4&language=ES&libraries=places:1389:396)
    at _.fr (https://maps.googleapis.com/maps/api/js?key=AIzaSyBBPL41mFwmWqbqcMyUL3A6Y0BcDSs-7d4&language=ES&libraries=places:1464:273)
    at initEval (https://kamary.l105.com/public/js/produccion/custom2.js?v671183218:19292:18)
    at <anonymous> (https://kamary.l105.com/public/js/produccion/custom2.js?v671183218:19361:8)
    at dispatch (https://kamary.l105.com/public/js/core/jquery.min.js:2:7518)
    at r.handle (https://kamary.l105.com/public/js/core/jquery.min.js:2:5599)
[  860916ms] [ERROR] Failed to load resource: the server responded with a status of 404 (Not Found) @ https://kamary.l105.com/public/css/new.css:0
[  860916ms] [ERROR] Failed to load resource: the server responded with a status of 404 (Not Found) @ https://kamary.l105.com/public/js/plugins/multiple-select/bootstrap.css:0
[  860918ms] [ERROR] Failed to load resource: the server responded with a status of 404 (Not Found) @ https://kamary.l105.com/public/js/plugins/multiple-select/multiple-select.css:0
[  860940ms] [ERROR] Failed to load resource: the server responded with a status of 404 (Not Found) @ https://kamary.l105.com/public/img/recursos/logo_imm.jpg:0
[  860940ms] [ERROR] Failed to load resource: the server responded with a status of 404 (Not Found) @ https://kamary.l105.com/public/js/libraries/html2canvas.min.js:0
[  861065ms] [ERROR] Failed to load resource: the server responded with a status of 404 (Not Found) @ https://kamary.l105.com/public/js/plugins/multiple-select/multiple-select.js:0
[  861065ms] [ERROR] Failed to load resource: the server responded with a status of 404 (Not Found) @ https://kamary.l105.com/public/js/pages/base_forms_wizard.js:0
[  862561ms] [ERROR] CKEditorError: Cannot convert undefined or null to object
Read more: https://ckeditor.com/docs/ckeditor5/latest/support/error-codes.html#error-Cannot convert undefined or null to object
    at Object.keys (<anonymous>)
    at ou.init (https://cdn.ckeditor.com/ckeditor5/36.0.1/classic/ckeditor.js:6:569572)
    at ou.<anonymous> (https://cdn.ckeditor.com/ckeditor5/36.0.1/classic/ckeditor.js:6:318383)
    at ou.fire (https://cdn.ckeditor.com/ckeditor5/36.0.1/classic/ckeditor.js:6:314751)
    at <computed> [as init] (https://cdn.ckeditor.com/ckeditor5/36.0.1/classic/ckeditor.js:6:318435)
    at https://cdn.ckeditor.com/ckeditor5/36.0.1/classic/ckeditor.js:6:728728 @ https://kamary.l105.com/public/js/produccion/custom2.js?v1175457803:12
[  862562ms] [ERROR] CKEditorError: Cannot convert undefined or null to object
Read more: https://ckeditor.com/docs/ckeditor5/latest/support/error-codes.html#error-Cannot convert undefined or null to object
    at Object.keys (<anonymous>)
    at ou.init (https://cdn.ckeditor.com/ckeditor5/36.0.1/classic/ckeditor.js:6:569572)
    at ou.<anonymous> (https://cdn.ckeditor.com/ckeditor5/36.0.1/classic/ckeditor.js:6:318383)
    at ou.fire (https://cdn.ckeditor.com/ckeditor5/36.0.1/classic/ckeditor.js:6:314751)
    at <computed> [as init] (https://cdn.ckeditor.com/ckeditor5/36.0.1/classic/ckeditor.js:6:318435)
    at https://cdn.ckeditor.com/ckeditor5/36.0.1/classic/ckeditor.js:6:728728 @ https://kamary.l105.com/public/js/produccion/custom2.js?v1175457803:12
[  862562ms] [ERROR] CKEditorError: Cannot convert undefined or null to object
Read more: https://ckeditor.com/docs/ckeditor5/latest/support/error-codes.html#error-Cannot convert undefined or null to object
    at Object.keys (<anonymous>)
    at ou.init (https://cdn.ckeditor.com/ckeditor5/36.0.1/classic/ckeditor.js:6:569572)
    at ou.<anonymous> (https://cdn.ckeditor.com/ckeditor5/36.0.1/classic/ckeditor.js:6:318383)
    at ou.fire (https://cdn.ckeditor.com/ckeditor5/36.0.1/classic/ckeditor.js:6:314751)
    at <computed> [as init] (https://cdn.ckeditor.com/ckeditor5/36.0.1/classic/ckeditor.js:6:318435)
    at https://cdn.ckeditor.com/ckeditor5/36.0.1/classic/ckeditor.js:6:728728 @ https://kamary.l105.com/public/js/produccion/custom2.js?v1175457803:12
[  862562ms] [ERROR] CKEditorError: Cannot convert undefined or null to object
Read more: https://ckeditor.com/docs/ckeditor5/latest/support/error-codes.html#error-Cannot convert undefined or null to object
    at Object.keys (<anonymous>)
    at ou.init (https://cdn.ckeditor.com/ckeditor5/36.0.1/classic/ckeditor.js:6:569572)
    at ou.<anonymous> (https://cdn.ckeditor.com/ckeditor5/36.0.1/classic/ckeditor.js:6:318383)
    at ou.fire (https://cdn.ckeditor.com/ckeditor5/36.0.1/classic/ckeditor.js:6:314751)
    at <computed> [as init] (https://cdn.ckeditor.com/ckeditor5/36.0.1/classic/ckeditor.js:6:318435)
    at https://cdn.ckeditor.com/ckeditor5/36.0.1/classic/ckeditor.js:6:728728 @ https://kamary.l105.com/public/js/produccion/custom2.js?v1175457803:12
[  862562ms] [ERROR] CKEditorError: Cannot convert undefined or null to object
Read more: https://ckeditor.com/docs/ckeditor5/latest/support/error-codes.html#error-Cannot convert undefined or null to object
    at Object.keys (<anonymous>)
    at ou.init (https://cdn.ckeditor.com/ckeditor5/36.0.1/classic/ckeditor.js:6:569572)
    at ou.<anonymous> (https://cdn.ckeditor.com/ckeditor5/36.0.1/classic/ckeditor.js:6:318383)
    at ou.fire (https://cdn.ckeditor.com/ckeditor5/36.0.1/classic/ckeditor.js:6:314751)
    at <computed> [as init] (https://cdn.ckeditor.com/ckeditor5/36.0.1/classic/ckeditor.js:6:318435)
    at https://cdn.ckeditor.com/ckeditor5/36.0.1/classic/ckeditor.js:6:728728 @ https://kamary.l105.com/public/js/produccion/custom2.js?v1175457803:12
[  862562ms] [ERROR] CKEditorError: Cannot convert undefined or null to object
Read more: https://ckeditor.com/docs/ckeditor5/latest/support/error-codes.html#error-Cannot convert undefined or null to object
    at Object.keys (<anonymous>)
    at ou.init (https://cdn.ckeditor.com/ckeditor5/36.0.1/classic/ckeditor.js:6:569572)
    at ou.<anonymous> (https://cdn.ckeditor.com/ckeditor5/36.0.1/classic/ckeditor.js:6:318383)
    at ou.fire (https://cdn.ckeditor.com/ckeditor5/36.0.1/classic/ckeditor.js:6:314751)
    at <computed> [as init] (https://cdn.ckeditor.com/ckeditor5/36.0.1/classic/ckeditor.js:6:318435)
    at https://cdn.ckeditor.com/ckeditor5/36.0.1/classic/ckeditor.js:6:728728 @ https://kamary.l105.com/public/js/produccion/custom2.js?v1175457803:12
[  862562ms] [ERROR] CKEditorError: Cannot convert undefined or null to object
Read more: https://ckeditor.com/docs/ckeditor5/latest/support/error-codes.html#error-Cannot convert undefined or null to object
    at Object.keys (<anonymous>)
    at ou.init (https://cdn.ckeditor.com/ckeditor5/36.0.1/classic/ckeditor.js:6:569572)
    at ou.<anonymous> (https://cdn.ckeditor.com/ckeditor5/36.0.1/classic/ckeditor.js:6:318383)
    at ou.fire (https://cdn.ckeditor.com/ckeditor5/36.0.1/classic/ckeditor.js:6:314751)
    at <computed> [as init] (https://cdn.ckeditor.com/ckeditor5/36.0.1/classic/ckeditor.js:6:318435)
    at https://cdn.ckeditor.com/ckeditor5/36.0.1/classic/ckeditor.js:6:728728 @ https://kamary.l105.com/public/js/produccion/custom2.js?v1175457803:12
[  862562ms] [ERROR] CKEditorError: Cannot convert undefined or null to object
Read more: https://ckeditor.com/docs/ckeditor5/latest/support/error-codes.html#error-Cannot convert undefined or null to object
    at Object.keys (<anonymous>)
    at ou.init (https://cdn.ckeditor.com/ckeditor5/36.0.1/classic/ckeditor.js:6:569572)
    at ou.<anonymous> (https://cdn.ckeditor.com/ckeditor5/36.0.1/classic/ckeditor.js:6:318383)
    at ou.fire (https://cdn.ckeditor.com/ckeditor5/36.0.1/classic/ckeditor.js:6:314751)
    at <computed> [as init] (https://cdn.ckeditor.com/ckeditor5/36.0.1/classic/ckeditor.js:6:318435)
    at https://cdn.ckeditor.com/ckeditor5/36.0.1/classic/ckeditor.js:6:728728 @ https://kamary.l105.com/public/js/produccion/custom2.js?v1175457803:12
[  862572ms] [WARNING] Google Maps JavaScript API has been loaded directly without loading=async. This can result in suboptimal performance. For best-practice loading patterns please see https://goo.gle/js-api-loading @ https://maps.googleapis.com/maps/api/js?key=AIzaSyBBPL41mFwmWqbqcMyUL3A6Y0BcDSs-7d4&language=ES&libraries=places:1519
[  862577ms] Uncaught InvalidValueError: Map: Expected mapDiv of type HTMLElement but was passed null.
    at _.Vm (https://maps.googleapis.com/maps/api/js?key=AIzaSyBBPL41mFwmWqbqcMyUL3A6Y0BcDSs-7d4&language=ES&libraries=places:1389:396)
    at _.fr (https://maps.googleapis.com/maps/api/js?key=AIzaSyBBPL41mFwmWqbqcMyUL3A6Y0BcDSs-7d4&language=ES&libraries=places:1464:273)
    at initEval (https://kamary.l105.com/public/js/produccion/custom2.js?v1175457803:19292:18)
    at <anonymous> (https://kamary.l105.com/public/js/produccion/custom2.js?v1175457803:19361:8)
    at dispatch (https://kamary.l105.com/public/js/core/jquery.min.js:2:7518)
    at r.handle (https://kamary.l105.com/public/js/core/jquery.min.js:2:5599)
[  864556ms] [ERROR] Failed to load resource: the server responded with a status of 404 (Not Found) @ https://kamary.l105.com/public/js/plugins/multiple-select/multiple-select.css:0
[  864556ms] [ERROR] Failed to load resource: the server responded with a status of 404 (Not Found) @ https://kamary.l105.com/public/img/recursos/logo_imm.jpg:0
[  864576ms] [ERROR] Failed to load resource: the server responded with a status of 404 (Not Found) @ https://kamary.l105.com/public/js/plugins/multiple-select/bootstrap.css:0
[  864577ms] [ERROR] Failed to load resource: the server responded with a status of 404 (Not Found) @ https://kamary.l105.com/public/css/new.css:0
[  864709ms] [ERROR] Failed to load resource: the server responded with a status of 404 (Not Found) @ https://kamary.l105.com/public/js/pages/base_forms_wizard.js:0
[  864718ms] [ERROR] Failed to load resource: the server responded with a status of 404 (Not Found) @ https://kamary.l105.com/public/js/libraries/html2canvas.min.js:0
[  864779ms] [ERROR] Failed to load resource: the server responded with a status of 404 (Not Found) @ https://kamary.l105.com/public/js/plugins/multiple-select/multiple-select.js:0
[  865658ms] [WARNING] Google Maps JavaScript API has been loaded directly without loading=async. This can result in suboptimal performance. For best-practice loading patterns please see https://goo.gle/js-api-loading @ https://maps.googleapis.com/maps/api/js?key=AIzaSyBBPL41mFwmWqbqcMyUL3A6Y0BcDSs-7d4&language=ES&libraries=places:1519
[  865663ms] Uncaught InvalidValueError: Map: Expected mapDiv of type HTMLElement but was passed null.
    at _.Vm (https://maps.googleapis.com/maps/api/js?key=AIzaSyBBPL41mFwmWqbqcMyUL3A6Y0BcDSs-7d4&language=ES&libraries=places:1389:396)
    at _.fr (https://maps.googleapis.com/maps/api/js?key=AIzaSyBBPL41mFwmWqbqcMyUL3A6Y0BcDSs-7d4&language=ES&libraries=places:1464:273)
    at initEval (https://kamary.l105.com/public/js/produccion/custom2.js?v1293957923:19292:18)
    at <anonymous> (https://kamary.l105.com/public/js/produccion/custom2.js?v1293957923:19361:8)
    at dispatch (https://kamary.l105.com/public/js/core/jquery.min.js:2:7518)
    at r.handle (https://kamary.l105.com/public/js/core/jquery.min.js:2:5599)
[  867650ms] [ERROR] Failed to load resource: the server responded with a status of 404 (Not Found) @ https://kamary.l105.com/public/js/plugins/multiple-select/multiple-select.css:0
[  867674ms] [ERROR] Failed to load resource: the server responded with a status of 404 (Not Found) @ https://kamary.l105.com/public/js/plugins/multiple-select/bootstrap.css:0
[  867674ms] [ERROR] Failed to load resource: the server responded with a status of 404 (Not Found) @ https://kamary.l105.com/public/img/recursos/logo_imm.jpg:0
[  867674ms] [ERROR] Failed to load resource: the server responded with a status of 404 (Not Found) @ https://kamary.l105.com/public/css/new.css:0
[  867968ms] [ERROR] Failed to load resource: the server responded with a status of 404 (Not Found) @ https://kamary.l105.com/public/js/libraries/html2canvas.min.js:0
[  867968ms] [ERROR] Failed to load resource: the server responded with a status of 404 (Not Found) @ https://kamary.l105.com/public/js/plugins/multiple-select/multiple-select.js:0
[  867968ms] [ERROR] Failed to load resource: the server responded with a status of 404 (Not Found) @ https://kamary.l105.com/public/js/pages/base_forms_wizard.js:0
[  870242ms] [ERROR] CKEditorError: Cannot convert undefined or null to object
Read more: https://ckeditor.com/docs/ckeditor5/latest/support/error-codes.html#error-Cannot convert undefined or null to object
    at Object.keys (<anonymous>)
    at ou.init (https://cdn.ckeditor.com/ckeditor5/36.0.1/classic/ckeditor.js:6:569572)
    at ou.<anonymous> (https://cdn.ckeditor.com/ckeditor5/36.0.1/classic/ckeditor.js:6:318383)
    at ou.fire (https://cdn.ckeditor.com/ckeditor5/36.0.1/classic/ckeditor.js:6:314751)
    at <computed> [as init] (https://cdn.ckeditor.com/ckeditor5/36.0.1/classic/ckeditor.js:6:318435)
    at https://cdn.ckeditor.com/ckeditor5/36.0.1/classic/ckeditor.js:6:728728 @ https://kamary.l105.com/public/js/produccion/custom2.js?v1044842031:12
[  870242ms] [ERROR] CKEditorError: Cannot convert undefined or null to object
Read more: https://ckeditor.com/docs/ckeditor5/latest/support/error-codes.html#error-Cannot convert undefined or null to object
    at Object.keys (<anonymous>)
    at ou.init (https://cdn.ckeditor.com/ckeditor5/36.0.1/classic/ckeditor.js:6:569572)
    at ou.<anonymous> (https://cdn.ckeditor.com/ckeditor5/36.0.1/classic/ckeditor.js:6:318383)
    at ou.fire (https://cdn.ckeditor.com/ckeditor5/36.0.1/classic/ckeditor.js:6:314751)
    at <computed> [as init] (https://cdn.ckeditor.com/ckeditor5/36.0.1/classic/ckeditor.js:6:318435)
    at https://cdn.ckeditor.com/ckeditor5/36.0.1/classic/ckeditor.js:6:728728 @ https://kamary.l105.com/public/js/produccion/custom2.js?v1044842031:12
[  870242ms] [ERROR] CKEditorError: Cannot convert undefined or null to object
Read more: https://ckeditor.com/docs/ckeditor5/latest/support/error-codes.html#error-Cannot convert undefined or null to object
    at Object.keys (<anonymous>)
    at ou.init (https://cdn.ckeditor.com/ckeditor5/36.0.1/classic/ckeditor.js:6:569572)
    at ou.<anonymous> (https://cdn.ckeditor.com/ckeditor5/36.0.1/classic/ckeditor.js:6:318383)
    at ou.fire (https://cdn.ckeditor.com/ckeditor5/36.0.1/classic/ckeditor.js:6:314751)
    at <computed> [as init] (https://cdn.ckeditor.com/ckeditor5/36.0.1/classic/ckeditor.js:6:318435)
    at https://cdn.ckeditor.com/ckeditor5/36.0.1/classic/ckeditor.js:6:728728 @ https://kamary.l105.com/public/js/produccion/custom2.js?v1044842031:12
[  870242ms] [ERROR] CKEditorError: Cannot convert undefined or null to object
Read more: https://ckeditor.com/docs/ckeditor5/latest/support/error-codes.html#error-Cannot convert undefined or null to object
    at Object.keys (<anonymous>)
    at ou.init (https://cdn.ckeditor.com/ckeditor5/36.0.1/classic/ckeditor.js:6:569572)
    at ou.<anonymous> (https://cdn.ckeditor.com/ckeditor5/36.0.1/classic/ckeditor.js:6:318383)
    at ou.fire (https://cdn.ckeditor.com/ckeditor5/36.0.1/classic/ckeditor.js:6:314751)
    at <computed> [as init] (https://cdn.ckeditor.com/ckeditor5/36.0.1/classic/ckeditor.js:6:318435)
    at https://cdn.ckeditor.com/ckeditor5/36.0.1/classic/ckeditor.js:6:728728 @ https://kamary.l105.com/public/js/produccion/custom2.js?v1044842031:12
[  870242ms] [ERROR] CKEditorError: Cannot convert undefined or null to object
Read more: https://ckeditor.com/docs/ckeditor5/latest/support/error-codes.html#error-Cannot convert undefined or null to object
    at Object.keys (<anonymous>)
    at ou.init (https://cdn.ckeditor.com/ckeditor5/36.0.1/classic/ckeditor.js:6:569572)
    at ou.<anonymous> (https://cdn.ckeditor.com/ckeditor5/36.0.1/classic/ckeditor.js:6:318383)
    at ou.fire (https://cdn.ckeditor.com/ckeditor5/36.0.1/classic/ckeditor.js:6:314751)
    at <computed> [as init] (https://cdn.ckeditor.com/ckeditor5/36.0.1/classic/ckeditor.js:6:318435)
    at https://cdn.ckeditor.com/ckeditor5/36.0.1/classic/ckeditor.js:6:728728 @ https://kamary.l105.com/public/js/produccion/custom2.js?v1044842031:12
[  870242ms] [ERROR] CKEditorError: Cannot convert undefined or null to object
Read more: https://ckeditor.com/docs/ckeditor5/latest/support/error-codes.html#error-Cannot convert undefined or null to object
    at Object.keys (<anonymous>)
    at ou.init (https://cdn.ckeditor.com/ckeditor5/36.0.1/classic/ckeditor.js:6:569572)
    at ou.<anonymous> (https://cdn.ckeditor.com/ckeditor5/36.0.1/classic/ckeditor.js:6:318383)
    at ou.fire (https://cdn.ckeditor.com/ckeditor5/36.0.1/classic/ckeditor.js:6:314751)
    at <computed> [as init] (https://cdn.ckeditor.com/ckeditor5/36.0.1/classic/ckeditor.js:6:318435)
    at https://cdn.ckeditor.com/ckeditor5/36.0.1/classic/ckeditor.js:6:728728 @ https://kamary.l105.com/public/js/produccion/custom2.js?v1044842031:12
[  870242ms] [ERROR] CKEditorError: Cannot convert undefined or null to object
Read more: https://ckeditor.com/docs/ckeditor5/latest/support/error-codes.html#error-Cannot convert undefined or null to object
    at Object.keys (<anonymous>)
    at ou.init (https://cdn.ckeditor.com/ckeditor5/36.0.1/classic/ckeditor.js:6:569572)
    at ou.<anonymous> (https://cdn.ckeditor.com/ckeditor5/36.0.1/classic/ckeditor.js:6:318383)
    at ou.fire (https://cdn.ckeditor.com/ckeditor5/36.0.1/classic/ckeditor.js:6:314751)
    at <computed> [as init] (https://cdn.ckeditor.com/ckeditor5/36.0.1/classic/ckeditor.js:6:318435)
    at https://cdn.ckeditor.com/ckeditor5/36.0.1/classic/ckeditor.js:6:728728 @ https://kamary.l105.com/public/js/produccion/custom2.js?v1044842031:12
[  870242ms] [ERROR] CKEditorError: Cannot convert undefined or null to object
Read more: https://ckeditor.com/docs/ckeditor5/latest/support/error-codes.html#error-Cannot convert undefined or null to object
    at Object.keys (<anonymous>)
    at ou.init (https://cdn.ckeditor.com/ckeditor5/36.0.1/classic/ckeditor.js:6:569572)
    at ou.<anonymous> (https://cdn.ckeditor.com/ckeditor5/36.0.1/classic/ckeditor.js:6:318383)
    at ou.fire (https://cdn.ckeditor.com/ckeditor5/36.0.1/classic/ckeditor.js:6:314751)
    at <computed> [as init] (https://cdn.ckeditor.com/ckeditor5/36.0.1/classic/ckeditor.js:6:318435)
    at https://cdn.ckeditor.com/ckeditor5/36.0.1/classic/ckeditor.js:6:728728 @ https://kamary.l105.com/public/js/produccion/custom2.js?v1044842031:12
[  870266ms] [WARNING] Google Maps JavaScript API has been loaded directly without loading=async. This can result in suboptimal performance. For best-practice loading patterns please see https://goo.gle/js-api-loading @ https://maps.googleapis.com/maps/api/js?key=AIzaSyBBPL41mFwmWqbqcMyUL3A6Y0BcDSs-7d4&language=ES&libraries=places:1519
[  870271ms] Uncaught InvalidValueError: Map: Expected mapDiv of type HTMLElement but was passed null.
    at _.Vm (https://maps.googleapis.com/maps/api/js?key=AIzaSyBBPL41mFwmWqbqcMyUL3A6Y0BcDSs-7d4&language=ES&libraries=places:1389:396)
    at _.fr (https://maps.googleapis.com/maps/api/js?key=AIzaSyBBPL41mFwmWqbqcMyUL3A6Y0BcDSs-7d4&language=ES&libraries=places:1464:273)
    at initEval (https://kamary.l105.com/public/js/produccion/custom2.js?v1044842031:19292:18)
    at <anonymous> (https://kamary.l105.com/public/js/produccion/custom2.js?v1044842031:19361:8)
    at dispatch (https://kamary.l105.com/public/js/core/jquery.min.js:2:7518)
    at r.handle (https://kamary.l105.com/public/js/core/jquery.min.js:2:5599)
[  872333ms] [ERROR] Failed to load resource: the server responded with a status of 404 (Not Found) @ https://kamary.l105.com/public/css/new.css:0
[  872334ms] [ERROR] Failed to load resource: the server responded with a status of 404 (Not Found) @ https://kamary.l105.com/public/js/plugins/multiple-select/multiple-select.css:0
[  872335ms] [ERROR] Failed to load resource: the server responded with a status of 404 (Not Found) @ https://kamary.l105.com/public/js/plugins/multiple-select/bootstrap.css:0
[  872335ms] [ERROR] Failed to load resource: the server responded with a status of 404 (Not Found) @ https://kamary.l105.com/public/img/recursos/logo_imm.jpg:0
[  872482ms] [ERROR] Failed to load resource: the server responded with a status of 404 (Not Found) @ https://kamary.l105.com/public/js/libraries/html2canvas.min.js:0
[  872482ms] [ERROR] Failed to load resource: the server responded with a status of 404 (Not Found) @ https://kamary.l105.com/public/js/plugins/multiple-select/multiple-select.js:0
[  872498ms] [ERROR] Failed to load resource: the server responded with a status of 404 (Not Found) @ https://kamary.l105.com/public/js/pages/base_forms_wizard.js:0
[  873430ms] [ERROR] CKEditorError: Cannot convert undefined or null to object
Read more: https://ckeditor.com/docs/ckeditor5/latest/support/error-codes.html#error-Cannot convert undefined or null to object
    at Object.keys (<anonymous>)
    at ou.init (https://cdn.ckeditor.com/ckeditor5/36.0.1/classic/ckeditor.js:6:569572)
    at ou.<anonymous> (https://cdn.ckeditor.com/ckeditor5/36.0.1/classic/ckeditor.js:6:318383)
    at ou.fire (https://cdn.ckeditor.com/ckeditor5/36.0.1/classic/ckeditor.js:6:314751)
    at <computed> [as init] (https://cdn.ckeditor.com/ckeditor5/36.0.1/classic/ckeditor.js:6:318435)
    at https://cdn.ckeditor.com/ckeditor5/36.0.1/classic/ckeditor.js:6:728728 @ https://kamary.l105.com/public/js/produccion/custom2.js?v642954423:12
[  873430ms] [ERROR] CKEditorError: Cannot convert undefined or null to object
Read more: https://ckeditor.com/docs/ckeditor5/latest/support/error-codes.html#error-Cannot convert undefined or null to object
    at Object.keys (<anonymous>)
    at ou.init (https://cdn.ckeditor.com/ckeditor5/36.0.1/classic/ckeditor.js:6:569572)
    at ou.<anonymous> (https://cdn.ckeditor.com/ckeditor5/36.0.1/classic/ckeditor.js:6:318383)
    at ou.fire (https://cdn.ckeditor.com/ckeditor5/36.0.1/classic/ckeditor.js:6:314751)
    at <computed> [as init] (https://cdn.ckeditor.com/ckeditor5/36.0.1/classic/ckeditor.js:6:318435)
    at https://cdn.ckeditor.com/ckeditor5/36.0.1/classic/ckeditor.js:6:728728 @ https://kamary.l105.com/public/js/produccion/custom2.js?v642954423:12
[  873430ms] [ERROR] CKEditorError: Cannot convert undefined or null to object
Read more: https://ckeditor.com/docs/ckeditor5/latest/support/error-codes.html#error-Cannot convert undefined or null to object
    at Object.keys (<anonymous>)
    at ou.init (https://cdn.ckeditor.com/ckeditor5/36.0.1/classic/ckeditor.js:6:569572)
    at ou.<anonymous> (https://cdn.ckeditor.com/ckeditor5/36.0.1/classic/ckeditor.js:6:318383)
    at ou.fire (https://cdn.ckeditor.com/ckeditor5/36.0.1/classic/ckeditor.js:6:314751)
    at <computed> [as init] (https://cdn.ckeditor.com/ckeditor5/36.0.1/classic/ckeditor.js:6:318435)
    at https://cdn.ckeditor.com/ckeditor5/36.0.1/classic/ckeditor.js:6:728728 @ https://kamary.l105.com/public/js/produccion/custom2.js?v642954423:12
[  873430ms] [ERROR] CKEditorError: Cannot convert undefined or null to object
Read more: https://ckeditor.com/docs/ckeditor5/latest/support/error-codes.html#error-Cannot convert undefined or null to object
    at Object.keys (<anonymous>)
    at ou.init (https://cdn.ckeditor.com/ckeditor5/36.0.1/classic/ckeditor.js:6:569572)
    at ou.<anonymous> (https://cdn.ckeditor.com/ckeditor5/36.0.1/classic/ckeditor.js:6:318383)
    at ou.fire (https://cdn.ckeditor.com/ckeditor5/36.0.1/classic/ckeditor.js:6:314751)
    at <computed> [as init] (https://cdn.ckeditor.com/ckeditor5/36.0.1/classic/ckeditor.js:6:318435)
    at https://cdn.ckeditor.com/ckeditor5/36.0.1/classic/ckeditor.js:6:728728 @ https://kamary.l105.com/public/js/produccion/custom2.js?v642954423:12
[  873430ms] [ERROR] CKEditorError: Cannot convert undefined or null to object
Read more: https://ckeditor.com/docs/ckeditor5/latest/support/error-codes.html#error-Cannot convert undefined or null to object
    at Object.keys (<anonymous>)
    at ou.init (https://cdn.ckeditor.com/ckeditor5/36.0.1/classic/ckeditor.js:6:569572)
    at ou.<anonymous> (https://cdn.ckeditor.com/ckeditor5/36.0.1/classic/ckeditor.js:6:318383)
    at ou.fire (https://cdn.ckeditor.com/ckeditor5/36.0.1/classic/ckeditor.js:6:314751)
    at <computed> [as init] (https://cdn.ckeditor.com/ckeditor5/36.0.1/classic/ckeditor.js:6:318435)
    at https://cdn.ckeditor.com/ckeditor5/36.0.1/classic/ckeditor.js:6:728728 @ https://kamary.l105.com/public/js/produccion/custom2.js?v642954423:12
[  873430ms] [ERROR] CKEditorError: Cannot convert undefined or null to object
Read more: https://ckeditor.com/docs/ckeditor5/latest/support/error-codes.html#error-Cannot convert undefined or null to object
    at Object.keys (<anonymous>)
    at ou.init (https://cdn.ckeditor.com/ckeditor5/36.0.1/classic/ckeditor.js:6:569572)
    at ou.<anonymous> (https://cdn.ckeditor.com/ckeditor5/36.0.1/classic/ckeditor.js:6:318383)
    at ou.fire (https://cdn.ckeditor.com/ckeditor5/36.0.1/classic/ckeditor.js:6:314751)
    at <computed> [as init] (https://cdn.ckeditor.com/ckeditor5/36.0.1/classic/ckeditor.js:6:318435)
    at https://cdn.ckeditor.com/ckeditor5/36.0.1/classic/ckeditor.js:6:728728 @ https://kamary.l105.com/public/js/produccion/custom2.js?v642954423:12
[  873430ms] [ERROR] CKEditorError: Cannot convert undefined or null to object
Read more: https://ckeditor.com/docs/ckeditor5/latest/support/error-codes.html#error-Cannot convert undefined or null to object
    at Object.keys (<anonymous>)
    at ou.init (https://cdn.ckeditor.com/ckeditor5/36.0.1/classic/ckeditor.js:6:569572)
    at ou.<anonymous> (https://cdn.ckeditor.com/ckeditor5/36.0.1/classic/ckeditor.js:6:318383)
    at ou.fire (https://cdn.ckeditor.com/ckeditor5/36.0.1/classic/ckeditor.js:6:314751)
    at <computed> [as init] (https://cdn.ckeditor.com/ckeditor5/36.0.1/classic/ckeditor.js:6:318435)
    at https://cdn.ckeditor.com/ckeditor5/36.0.1/classic/ckeditor.js:6:728728 @ https://kamary.l105.com/public/js/produccion/custom2.js?v642954423:12
[  873430ms] [ERROR] CKEditorError: Cannot convert undefined or null to object
Read more: https://ckeditor.com/docs/ckeditor5/latest/support/error-codes.html#error-Cannot convert undefined or null to object
    at Object.keys (<anonymous>)
    at ou.init (https://cdn.ckeditor.com/ckeditor5/36.0.1/classic/ckeditor.js:6:569572)
    at ou.<anonymous> (https://cdn.ckeditor.com/ckeditor5/36.0.1/classic/ckeditor.js:6:318383)
    at ou.fire (https://cdn.ckeditor.com/ckeditor5/36.0.1/classic/ckeditor.js:6:314751)
    at <computed> [as init] (https://cdn.ckeditor.com/ckeditor5/36.0.1/classic/ckeditor.js:6:318435)
    at https://cdn.ckeditor.com/ckeditor5/36.0.1/classic/ckeditor.js:6:728728 @ https://kamary.l105.com/public/js/produccion/custom2.js?v642954423:12
[  873441ms] [WARNING] Google Maps JavaScript API has been loaded directly without loading=async. This can result in suboptimal performance. For best-practice loading patterns please see https://goo.gle/js-api-loading @ https://maps.googleapis.com/maps/api/js?key=AIzaSyBBPL41mFwmWqbqcMyUL3A6Y0BcDSs-7d4&language=ES&libraries=places:1519
[  873445ms] Uncaught InvalidValueError: Map: Expected mapDiv of type HTMLElement but was passed null.
    at _.Vm (https://maps.googleapis.com/maps/api/js?key=AIzaSyBBPL41mFwmWqbqcMyUL3A6Y0BcDSs-7d4&language=ES&libraries=places:1389:396)
    at _.fr (https://maps.googleapis.com/maps/api/js?key=AIzaSyBBPL41mFwmWqbqcMyUL3A6Y0BcDSs-7d4&language=ES&libraries=places:1464:273)
    at initEval (https://kamary.l105.com/public/js/produccion/custom2.js?v642954423:19292:18)
    at <anonymous> (https://kamary.l105.com/public/js/produccion/custom2.js?v642954423:19361:8)
    at dispatch (https://kamary.l105.com/public/js/core/jquery.min.js:2:7518)
    at r.handle (https://kamary.l105.com/public/js/core/jquery.min.js:2:5599)
[  875324ms] [ERROR] Failed to load resource: the server responded with a status of 404 (Not Found) @ https://kamary.l105.com/public/css/new.css:0
[  875324ms] [ERROR] Failed to load resource: the server responded with a status of 404 (Not Found) @ https://kamary.l105.com/public/js/plugins/multiple-select/multiple-select.css:0
[  875338ms] [ERROR] Failed to load resource: the server responded with a status of 404 (Not Found) @ https://kamary.l105.com/public/img/recursos/logo_imm.jpg:0
[  875339ms] [ERROR] Failed to load resource: the server responded with a status of 404 (Not Found) @ https://kamary.l105.com/public/js/plugins/multiple-select/bootstrap.css:0
[  875468ms] [ERROR] Failed to load resource: the server responded with a status of 404 (Not Found) @ https://kamary.l105.com/public/js/pages/base_forms_wizard.js:0
[  875476ms] [ERROR] Failed to load resource: the server responded with a status of 404 (Not Found) @ https://kamary.l105.com/public/js/libraries/html2canvas.min.js:0
[  875484ms] [ERROR] Failed to load resource: the server responded with a status of 404 (Not Found) @ https://kamary.l105.com/public/js/plugins/multiple-select/multiple-select.js:0
[  876402ms] [ERROR] CKEditorError: Cannot convert undefined or null to object
Read more: https://ckeditor.com/docs/ckeditor5/latest/support/error-codes.html#error-Cannot convert undefined or null to object
    at Object.keys (<anonymous>)
    at ou.init (https://cdn.ckeditor.com/ckeditor5/36.0.1/classic/ckeditor.js:6:569572)
    at ou.<anonymous> (https://cdn.ckeditor.com/ckeditor5/36.0.1/classic/ckeditor.js:6:318383)
    at ou.fire (https://cdn.ckeditor.com/ckeditor5/36.0.1/classic/ckeditor.js:6:314751)
    at <computed> [as init] (https://cdn.ckeditor.com/ckeditor5/36.0.1/classic/ckeditor.js:6:318435)
    at https://cdn.ckeditor.com/ckeditor5/36.0.1/classic/ckeditor.js:6:728728 @ https://kamary.l105.com/public/js/produccion/custom2.js?v2015730207:12
[  876402ms] [ERROR] CKEditorError: Cannot convert undefined or null to object
Read more: https://ckeditor.com/docs/ckeditor5/latest/support/error-codes.html#error-Cannot convert undefined or null to object
    at Object.keys (<anonymous>)
    at ou.init (https://cdn.ckeditor.com/ckeditor5/36.0.1/classic/ckeditor.js:6:569572)
    at ou.<anonymous> (https://cdn.ckeditor.com/ckeditor5/36.0.1/classic/ckeditor.js:6:318383)
    at ou.fire (https://cdn.ckeditor.com/ckeditor5/36.0.1/classic/ckeditor.js:6:314751)
    at <computed> [as init] (https://cdn.ckeditor.com/ckeditor5/36.0.1/classic/ckeditor.js:6:318435)
    at https://cdn.ckeditor.com/ckeditor5/36.0.1/classic/ckeditor.js:6:728728 @ https://kamary.l105.com/public/js/produccion/custom2.js?v2015730207:12
[  876402ms] [ERROR] CKEditorError: Cannot convert undefined or null to object
Read more: https://ckeditor.com/docs/ckeditor5/latest/support/error-codes.html#error-Cannot convert undefined or null to object
    at Object.keys (<anonymous>)
    at ou.init (https://cdn.ckeditor.com/ckeditor5/36.0.1/classic/ckeditor.js:6:569572)
    at ou.<anonymous> (https://cdn.ckeditor.com/ckeditor5/36.0.1/classic/ckeditor.js:6:318383)
    at ou.fire (https://cdn.ckeditor.com/ckeditor5/36.0.1/classic/ckeditor.js:6:314751)
    at <computed> [as init] (https://cdn.ckeditor.com/ckeditor5/36.0.1/classic/ckeditor.js:6:318435)
    at https://cdn.ckeditor.com/ckeditor5/36.0.1/classic/ckeditor.js:6:728728 @ https://kamary.l105.com/public/js/produccion/custom2.js?v2015730207:12
[  876402ms] [ERROR] CKEditorError: Cannot convert undefined or null to object
Read more: https://ckeditor.com/docs/ckeditor5/latest/support/error-codes.html#error-Cannot convert undefined or null to object
    at Object.keys (<anonymous>)
    at ou.init (https://cdn.ckeditor.com/ckeditor5/36.0.1/classic/ckeditor.js:6:569572)
    at ou.<anonymous> (https://cdn.ckeditor.com/ckeditor5/36.0.1/classic/ckeditor.js:6:318383)
    at ou.fire (https://cdn.ckeditor.com/ckeditor5/36.0.1/classic/ckeditor.js:6:314751)
    at <computed> [as init] (https://cdn.ckeditor.com/ckeditor5/36.0.1/classic/ckeditor.js:6:318435)
    at https://cdn.ckeditor.com/ckeditor5/36.0.1/classic/ckeditor.js:6:728728 @ https://kamary.l105.com/public/js/produccion/custom2.js?v2015730207:12
[  876402ms] [ERROR] CKEditorError: Cannot convert undefined or null to object
Read more: https://ckeditor.com/docs/ckeditor5/latest/support/error-codes.html#error-Cannot convert undefined or null to object
    at Object.keys (<anonymous>)
    at ou.init (https://cdn.ckeditor.com/ckeditor5/36.0.1/classic/ckeditor.js:6:569572)
    at ou.<anonymous> (https://cdn.ckeditor.com/ckeditor5/36.0.1/classic/ckeditor.js:6:318383)
    at ou.fire (https://cdn.ckeditor.com/ckeditor5/36.0.1/classic/ckeditor.js:6:314751)
    at <computed> [as init] (https://cdn.ckeditor.com/ckeditor5/36.0.1/classic/ckeditor.js:6:318435)
    at https://cdn.ckeditor.com/ckeditor5/36.0.1/classic/ckeditor.js:6:728728 @ https://kamary.l105.com/public/js/produccion/custom2.js?v2015730207:12
[  876402ms] [ERROR] CKEditorError: Cannot convert undefined or null to object
Read more: https://ckeditor.com/docs/ckeditor5/latest/support/error-codes.html#error-Cannot convert undefined or null to object
    at Object.keys (<anonymous>)
    at ou.init (https://cdn.ckeditor.com/ckeditor5/36.0.1/classic/ckeditor.js:6:569572)
    at ou.<anonymous> (https://cdn.ckeditor.com/ckeditor5/36.0.1/classic/ckeditor.js:6:318383)
    at ou.fire (https://cdn.ckeditor.com/ckeditor5/36.0.1/classic/ckeditor.js:6:314751)
    at <computed> [as init] (https://cdn.ckeditor.com/ckeditor5/36.0.1/classic/ckeditor.js:6:318435)
    at https://cdn.ckeditor.com/ckeditor5/36.0.1/classic/ckeditor.js:6:728728 @ https://kamary.l105.com/public/js/produccion/custom2.js?v2015730207:12
[  876402ms] [ERROR] CKEditorError: Cannot convert undefined or null to object
Read more: https://ckeditor.com/docs/ckeditor5/latest/support/error-codes.html#error-Cannot convert undefined or null to object
    at Object.keys (<anonymous>)
    at ou.init (https://cdn.ckeditor.com/ckeditor5/36.0.1/classic/ckeditor.js:6:569572)
    at ou.<anonymous> (https://cdn.ckeditor.com/ckeditor5/36.0.1/classic/ckeditor.js:6:318383)
    at ou.fire (https://cdn.ckeditor.com/ckeditor5/36.0.1/classic/ckeditor.js:6:314751)
    at <computed> [as init] (https://cdn.ckeditor.com/ckeditor5/36.0.1/classic/ckeditor.js:6:318435)
    at https://cdn.ckeditor.com/ckeditor5/36.0.1/classic/ckeditor.js:6:728728 @ https://kamary.l105.com/public/js/produccion/custom2.js?v2015730207:12
[  876402ms] [ERROR] CKEditorError: Cannot convert undefined or null to object
Read more: https://ckeditor.com/docs/ckeditor5/latest/support/error-codes.html#error-Cannot convert undefined or null to object
    at Object.keys (<anonymous>)
    at ou.init (https://cdn.ckeditor.com/ckeditor5/36.0.1/classic/ckeditor.js:6:569572)
    at ou.<anonymous> (https://cdn.ckeditor.com/ckeditor5/36.0.1/classic/ckeditor.js:6:318383)
    at ou.fire (https://cdn.ckeditor.com/ckeditor5/36.0.1/classic/ckeditor.js:6:314751)
    at <computed> [as init] (https://cdn.ckeditor.com/ckeditor5/36.0.1/classic/ckeditor.js:6:318435)
    at https://cdn.ckeditor.com/ckeditor5/36.0.1/classic/ckeditor.js:6:728728 @ https://kamary.l105.com/public/js/produccion/custom2.js?v2015730207:12
[  876415ms] [WARNING] Google Maps JavaScript API has been loaded directly without loading=async. This can result in suboptimal performance. For best-practice loading patterns please see https://goo.gle/js-api-loading @ https://maps.googleapis.com/maps/api/js?key=AIzaSyBBPL41mFwmWqbqcMyUL3A6Y0BcDSs-7d4&language=ES&libraries=places:1519
[  876419ms] Uncaught InvalidValueError: Map: Expected mapDiv of type HTMLElement but was passed null.
    at _.Vm (https://maps.googleapis.com/maps/api/js?key=AIzaSyBBPL41mFwmWqbqcMyUL3A6Y0BcDSs-7d4&language=ES&libraries=places:1389:396)
    at _.fr (https://maps.googleapis.com/maps/api/js?key=AIzaSyBBPL41mFwmWqbqcMyUL3A6Y0BcDSs-7d4&language=ES&libraries=places:1464:273)
    at initEval (https://kamary.l105.com/public/js/produccion/custom2.js?v2015730207:19292:18)
    at <anonymous> (https://kamary.l105.com/public/js/produccion/custom2.js?v2015730207:19361:8)
    at dispatch (https://kamary.l105.com/public/js/core/jquery.min.js:2:7518)
    at r.handle (https://kamary.l105.com/public/js/core/jquery.min.js:2:5599)
[  878286ms] [ERROR] Failed to load resource: the server responded with a status of 404 (Not Found) @ https://kamary.l105.com/public/js/plugins/multiple-select/multiple-select.css:0
[  878286ms] [ERROR] Failed to load resource: the server responded with a status of 404 (Not Found) @ https://kamary.l105.com/public/js/plugins/multiple-select/bootstrap.css:0
[  878286ms] [ERROR] Failed to load resource: the server responded with a status of 404 (Not Found) @ https://kamary.l105.com/public/css/new.css:0
[  878286ms] [ERROR] Failed to load resource: the server responded with a status of 404 (Not Found) @ https://kamary.l105.com/public/img/recursos/logo_imm.jpg:0
[  878388ms] [ERROR] Failed to load resource: the server responded with a status of 404 (Not Found) @ https://kamary.l105.com/public/js/libraries/html2canvas.min.js:0
[  878439ms] [ERROR] Failed to load resource: the server responded with a status of 404 (Not Found) @ https://kamary.l105.com/public/js/plugins/multiple-select/multiple-select.js:0
[  878440ms] [ERROR] Failed to load resource: the server responded with a status of 404 (Not Found) @ https://kamary.l105.com/public/js/pages/base_forms_wizard.js:0
[  880655ms] [ERROR] CKEditorError: Cannot convert undefined or null to object
Read more: https://ckeditor.com/docs/ckeditor5/latest/support/error-codes.html#error-Cannot convert undefined or null to object
    at Object.keys (<anonymous>)
    at ou.init (https://cdn.ckeditor.com/ckeditor5/36.0.1/classic/ckeditor.js:6:569572)
    at ou.<anonymous> (https://cdn.ckeditor.com/ckeditor5/36.0.1/classic/ckeditor.js:6:318383)
    at ou.fire (https://cdn.ckeditor.com/ckeditor5/36.0.1/classic/ckeditor.js:6:314751)
    at <computed> [as init] (https://cdn.ckeditor.com/ckeditor5/36.0.1/classic/ckeditor.js:6:318435)
    at https://cdn.ckeditor.com/ckeditor5/36.0.1/classic/ckeditor.js:6:728728 @ https://kamary.l105.com/public/js/produccion/custom2.js?v186788003:12
[  880656ms] [ERROR] CKEditorError: Cannot convert undefined or null to object
Read more: https://ckeditor.com/docs/ckeditor5/latest/support/error-codes.html#error-Cannot convert undefined or null to object
    at Object.keys (<anonymous>)
    at ou.init (https://cdn.ckeditor.com/ckeditor5/36.0.1/classic/ckeditor.js:6:569572)
    at ou.<anonymous> (https://cdn.ckeditor.com/ckeditor5/36.0.1/classic/ckeditor.js:6:318383)
    at ou.fire (https://cdn.ckeditor.com/ckeditor5/36.0.1/classic/ckeditor.js:6:314751)
    at <computed> [as init] (https://cdn.ckeditor.com/ckeditor5/36.0.1/classic/ckeditor.js:6:318435)
    at https://cdn.ckeditor.com/ckeditor5/36.0.1/classic/ckeditor.js:6:728728 @ https://kamary.l105.com/public/js/produccion/custom2.js?v186788003:12
[  880656ms] [ERROR] CKEditorError: Cannot convert undefined or null to object
Read more: https://ckeditor.com/docs/ckeditor5/latest/support/error-codes.html#error-Cannot convert undefined or null to object
    at Object.keys (<anonymous>)
    at ou.init (https://cdn.ckeditor.com/ckeditor5/36.0.1/classic/ckeditor.js:6:569572)
    at ou.<anonymous> (https://cdn.ckeditor.com/ckeditor5/36.0.1/classic/ckeditor.js:6:318383)
    at ou.fire (https://cdn.ckeditor.com/ckeditor5/36.0.1/classic/ckeditor.js:6:314751)
    at <computed> [as init] (https://cdn.ckeditor.com/ckeditor5/36.0.1/classic/ckeditor.js:6:318435)
    at https://cdn.ckeditor.com/ckeditor5/36.0.1/classic/ckeditor.js:6:728728 @ https://kamary.l105.com/public/js/produccion/custom2.js?v186788003:12
[  880656ms] [ERROR] CKEditorError: Cannot convert undefined or null to object
Read more: https://ckeditor.com/docs/ckeditor5/latest/support/error-codes.html#error-Cannot convert undefined or null to object
    at Object.keys (<anonymous>)
    at ou.init (https://cdn.ckeditor.com/ckeditor5/36.0.1/classic/ckeditor.js:6:569572)
    at ou.<anonymous> (https://cdn.ckeditor.com/ckeditor5/36.0.1/classic/ckeditor.js:6:318383)
    at ou.fire (https://cdn.ckeditor.com/ckeditor5/36.0.1/classic/ckeditor.js:6:314751)
    at <computed> [as init] (https://cdn.ckeditor.com/ckeditor5/36.0.1/classic/ckeditor.js:6:318435)
    at https://cdn.ckeditor.com/ckeditor5/36.0.1/classic/ckeditor.js:6:728728 @ https://kamary.l105.com/public/js/produccion/custom2.js?v186788003:12
[  880656ms] [ERROR] CKEditorError: Cannot convert undefined or null to object
Read more: https://ckeditor.com/docs/ckeditor5/latest/support/error-codes.html#error-Cannot convert undefined or null to object
    at Object.keys (<anonymous>)
    at ou.init (https://cdn.ckeditor.com/ckeditor5/36.0.1/classic/ckeditor.js:6:569572)
    at ou.<anonymous> (https://cdn.ckeditor.com/ckeditor5/36.0.1/classic/ckeditor.js:6:318383)
    at ou.fire (https://cdn.ckeditor.com/ckeditor5/36.0.1/classic/ckeditor.js:6:314751)
    at <computed> [as init] (https://cdn.ckeditor.com/ckeditor5/36.0.1/classic/ckeditor.js:6:318435)
    at https://cdn.ckeditor.com/ckeditor5/36.0.1/classic/ckeditor.js:6:728728 @ https://kamary.l105.com/public/js/produccion/custom2.js?v186788003:12
[  880656ms] [ERROR] CKEditorError: Cannot convert undefined or null to object
Read more: https://ckeditor.com/docs/ckeditor5/latest/support/error-codes.html#error-Cannot convert undefined or null to object
    at Object.keys (<anonymous>)
    at ou.init (https://cdn.ckeditor.com/ckeditor5/36.0.1/classic/ckeditor.js:6:569572)
    at ou.<anonymous> (https://cdn.ckeditor.com/ckeditor5/36.0.1/classic/ckeditor.js:6:318383)
    at ou.fire (https://cdn.ckeditor.com/ckeditor5/36.0.1/classic/ckeditor.js:6:314751)
    at <computed> [as init] (https://cdn.ckeditor.com/ckeditor5/36.0.1/classic/ckeditor.js:6:318435)
    at https://cdn.ckeditor.com/ckeditor5/36.0.1/classic/ckeditor.js:6:728728 @ https://kamary.l105.com/public/js/produccion/custom2.js?v186788003:12
[  880656ms] [ERROR] CKEditorError: Cannot convert undefined or null to object
Read more: https://ckeditor.com/docs/ckeditor5/latest/support/error-codes.html#error-Cannot convert undefined or null to object
    at Object.keys (<anonymous>)
    at ou.init (https://cdn.ckeditor.com/ckeditor5/36.0.1/classic/ckeditor.js:6:569572)
    at ou.<anonymous> (https://cdn.ckeditor.com/ckeditor5/36.0.1/classic/ckeditor.js:6:318383)
    at ou.fire (https://cdn.ckeditor.com/ckeditor5/36.0.1/classic/ckeditor.js:6:314751)
    at <computed> [as init] (https://cdn.ckeditor.com/ckeditor5/36.0.1/classic/ckeditor.js:6:318435)
    at https://cdn.ckeditor.com/ckeditor5/36.0.1/classic/ckeditor.js:6:728728 @ https://kamary.l105.com/public/js/produccion/custom2.js?v186788003:12
[  880656ms] [ERROR] CKEditorError: Cannot convert undefined or null to object
Read more: https://ckeditor.com/docs/ckeditor5/latest/support/error-codes.html#error-Cannot convert undefined or null to object
    at Object.keys (<anonymous>)
    at ou.init (https://cdn.ckeditor.com/ckeditor5/36.0.1/classic/ckeditor.js:6:569572)
    at ou.<anonymous> (https://cdn.ckeditor.com/ckeditor5/36.0.1/classic/ckeditor.js:6:318383)
    at ou.fire (https://cdn.ckeditor.com/ckeditor5/36.0.1/classic/ckeditor.js:6:314751)
    at <computed> [as init] (https://cdn.ckeditor.com/ckeditor5/36.0.1/classic/ckeditor.js:6:318435)
    at https://cdn.ckeditor.com/ckeditor5/36.0.1/classic/ckeditor.js:6:728728 @ https://kamary.l105.com/public/js/produccion/custom2.js?v186788003:12
[  880665ms] [WARNING] Google Maps JavaScript API has been loaded directly without loading=async. This can result in suboptimal performance. For best-practice loading patterns please see https://goo.gle/js-api-loading @ https://maps.googleapis.com/maps/api/js?key=AIzaSyBBPL41mFwmWqbqcMyUL3A6Y0BcDSs-7d4&language=ES&libraries=places:1519
[  880671ms] Uncaught InvalidValueError: Map: Expected mapDiv of type HTMLElement but was passed null.
    at _.Vm (https://maps.googleapis.com/maps/api/js?key=AIzaSyBBPL41mFwmWqbqcMyUL3A6Y0BcDSs-7d4&language=ES&libraries=places:1389:396)
    at _.fr (https://maps.googleapis.com/maps/api/js?key=AIzaSyBBPL41mFwmWqbqcMyUL3A6Y0BcDSs-7d4&language=ES&libraries=places:1464:273)
    at initEval (https://kamary.l105.com/public/js/produccion/custom2.js?v186788003:19292:18)
    at <anonymous> (https://kamary.l105.com/public/js/produccion/custom2.js?v186788003:19361:8)
    at dispatch (https://kamary.l105.com/public/js/core/jquery.min.js:2:7518)
    at r.handle (https://kamary.l105.com/public/js/core/jquery.min.js:2:5599)
[  882679ms] [ERROR] Failed to load resource: the server responded with a status of 404 (Not Found) @ https://kamary.l105.com/public/js/plugins/multiple-select/bootstrap.css:0
[  882680ms] [ERROR] Failed to load resource: the server responded with a status of 404 (Not Found) @ https://kamary.l105.com/public/css/new.css:0
[  882705ms] [ERROR] Failed to load resource: the server responded with a status of 404 (Not Found) @ https://kamary.l105.com/public/js/plugins/multiple-select/multiple-select.css:0
[  882705ms] [ERROR] Failed to load resource: the server responded with a status of 404 (Not Found) @ https://kamary.l105.com/public/img/recursos/logo_imm.jpg:0
[  882872ms] [ERROR] Failed to load resource: the server responded with a status of 404 (Not Found) @ https://kamary.l105.com/public/js/libraries/html2canvas.min.js:0
[  882873ms] [ERROR] Failed to load resource: the server responded with a status of 404 (Not Found) @ https://kamary.l105.com/public/js/pages/base_forms_wizard.js:0
[  882873ms] [ERROR] Failed to load resource: the server responded with a status of 404 (Not Found) @ https://kamary.l105.com/public/js/plugins/multiple-select/multiple-select.js:0
[  883838ms] [ERROR] CKEditorError: Cannot convert undefined or null to object
Read more: https://ckeditor.com/docs/ckeditor5/latest/support/error-codes.html#error-Cannot convert undefined or null to object
    at Object.keys (<anonymous>)
    at ou.init (https://cdn.ckeditor.com/ckeditor5/36.0.1/classic/ckeditor.js:6:569572)
    at ou.<anonymous> (https://cdn.ckeditor.com/ckeditor5/36.0.1/classic/ckeditor.js:6:318383)
    at ou.fire (https://cdn.ckeditor.com/ckeditor5/36.0.1/classic/ckeditor.js:6:314751)
    at <computed> [as init] (https://cdn.ckeditor.com/ckeditor5/36.0.1/classic/ckeditor.js:6:318435)
    at https://cdn.ckeditor.com/ckeditor5/36.0.1/classic/ckeditor.js:6:728728 @ https://kamary.l105.com/public/js/produccion/custom2.js?v931425479:12
[  883838ms] [ERROR] CKEditorError: Cannot convert undefined or null to object
Read more: https://ckeditor.com/docs/ckeditor5/latest/support/error-codes.html#error-Cannot convert undefined or null to object
    at Object.keys (<anonymous>)
    at ou.init (https://cdn.ckeditor.com/ckeditor5/36.0.1/classic/ckeditor.js:6:569572)
    at ou.<anonymous> (https://cdn.ckeditor.com/ckeditor5/36.0.1/classic/ckeditor.js:6:318383)
    at ou.fire (https://cdn.ckeditor.com/ckeditor5/36.0.1/classic/ckeditor.js:6:314751)
    at <computed> [as init] (https://cdn.ckeditor.com/ckeditor5/36.0.1/classic/ckeditor.js:6:318435)
    at https://cdn.ckeditor.com/ckeditor5/36.0.1/classic/ckeditor.js:6:728728 @ https://kamary.l105.com/public/js/produccion/custom2.js?v931425479:12
[  883839ms] [ERROR] CKEditorError: Cannot convert undefined or null to object
Read more: https://ckeditor.com/docs/ckeditor5/latest/support/error-codes.html#error-Cannot convert undefined or null to object
    at Object.keys (<anonymous>)
    at ou.init (https://cdn.ckeditor.com/ckeditor5/36.0.1/classic/ckeditor.js:6:569572)
    at ou.<anonymous> (https://cdn.ckeditor.com/ckeditor5/36.0.1/classic/ckeditor.js:6:318383)
    at ou.fire (https://cdn.ckeditor.com/ckeditor5/36.0.1/classic/ckeditor.js:6:314751)
    at <computed> [as init] (https://cdn.ckeditor.com/ckeditor5/36.0.1/classic/ckeditor.js:6:318435)
    at https://cdn.ckeditor.com/ckeditor5/36.0.1/classic/ckeditor.js:6:728728 @ https://kamary.l105.com/public/js/produccion/custom2.js?v931425479:12
[  883839ms] [ERROR] CKEditorError: Cannot convert undefined or null to object
Read more: https://ckeditor.com/docs/ckeditor5/latest/support/error-codes.html#error-Cannot convert undefined or null to object
    at Object.keys (<anonymous>)
    at ou.init (https://cdn.ckeditor.com/ckeditor5/36.0.1/classic/ckeditor.js:6:569572)
    at ou.<anonymous> (https://cdn.ckeditor.com/ckeditor5/36.0.1/classic/ckeditor.js:6:318383)
    at ou.fire (https://cdn.ckeditor.com/ckeditor5/36.0.1/classic/ckeditor.js:6:314751)
    at <computed> [as init] (https://cdn.ckeditor.com/ckeditor5/36.0.1/classic/ckeditor.js:6:318435)
    at https://cdn.ckeditor.com/ckeditor5/36.0.1/classic/ckeditor.js:6:728728 @ https://kamary.l105.com/public/js/produccion/custom2.js?v931425479:12
[  883839ms] [ERROR] CKEditorError: Cannot convert undefined or null to object
Read more: https://ckeditor.com/docs/ckeditor5/latest/support/error-codes.html#error-Cannot convert undefined or null to object
    at Object.keys (<anonymous>)
    at ou.init (https://cdn.ckeditor.com/ckeditor5/36.0.1/classic/ckeditor.js:6:569572)
    at ou.<anonymous> (https://cdn.ckeditor.com/ckeditor5/36.0.1/classic/ckeditor.js:6:318383)
    at ou.fire (https://cdn.ckeditor.com/ckeditor5/36.0.1/classic/ckeditor.js:6:314751)
    at <computed> [as init] (https://cdn.ckeditor.com/ckeditor5/36.0.1/classic/ckeditor.js:6:318435)
    at https://cdn.ckeditor.com/ckeditor5/36.0.1/classic/ckeditor.js:6:728728 @ https://kamary.l105.com/public/js/produccion/custom2.js?v931425479:12
[  883839ms] [ERROR] CKEditorError: Cannot convert undefined or null to object
Read more: https://ckeditor.com/docs/ckeditor5/latest/support/error-codes.html#error-Cannot convert undefined or null to object
    at Object.keys (<anonymous>)
    at ou.init (https://cdn.ckeditor.com/ckeditor5/36.0.1/classic/ckeditor.js:6:569572)
    at ou.<anonymous> (https://cdn.ckeditor.com/ckeditor5/36.0.1/classic/ckeditor.js:6:318383)
    at ou.fire (https://cdn.ckeditor.com/ckeditor5/36.0.1/classic/ckeditor.js:6:314751)
    at <computed> [as init] (https://cdn.ckeditor.com/ckeditor5/36.0.1/classic/ckeditor.js:6:318435)
    at https://cdn.ckeditor.com/ckeditor5/36.0.1/classic/ckeditor.js:6:728728 @ https://kamary.l105.com/public/js/produccion/custom2.js?v931425479:12
[  883839ms] [ERROR] CKEditorError: Cannot convert undefined or null to object
Read more: https://ckeditor.com/docs/ckeditor5/latest/support/error-codes.html#error-Cannot convert undefined or null to object
    at Object.keys (<anonymous>)
    at ou.init (https://cdn.ckeditor.com/ckeditor5/36.0.1/classic/ckeditor.js:6:569572)
    at ou.<anonymous> (https://cdn.ckeditor.com/ckeditor5/36.0.1/classic/ckeditor.js:6:318383)
    at ou.fire (https://cdn.ckeditor.com/ckeditor5/36.0.1/classic/ckeditor.js:6:314751)
    at <computed> [as init] (https://cdn.ckeditor.com/ckeditor5/36.0.1/classic/ckeditor.js:6:318435)
    at https://cdn.ckeditor.com/ckeditor5/36.0.1/classic/ckeditor.js:6:728728 @ https://kamary.l105.com/public/js/produccion/custom2.js?v931425479:12
[  883839ms] [ERROR] CKEditorError: Cannot convert undefined or null to object
Read more: https://ckeditor.com/docs/ckeditor5/latest/support/error-codes.html#error-Cannot convert undefined or null to object
    at Object.keys (<anonymous>)
    at ou.init (https://cdn.ckeditor.com/ckeditor5/36.0.1/classic/ckeditor.js:6:569572)
    at ou.<anonymous> (https://cdn.ckeditor.com/ckeditor5/36.0.1/classic/ckeditor.js:6:318383)
    at ou.fire (https://cdn.ckeditor.com/ckeditor5/36.0.1/classic/ckeditor.js:6:314751)
    at <computed> [as init] (https://cdn.ckeditor.com/ckeditor5/36.0.1/classic/ckeditor.js:6:318435)
    at https://cdn.ckeditor.com/ckeditor5/36.0.1/classic/ckeditor.js:6:728728 @ https://kamary.l105.com/public/js/produccion/custom2.js?v931425479:12
[  883863ms] [WARNING] Google Maps JavaScript API has been loaded directly without loading=async. This can result in suboptimal performance. For best-practice loading patterns please see https://goo.gle/js-api-loading @ https://maps.googleapis.com/maps/api/js?key=AIzaSyBBPL41mFwmWqbqcMyUL3A6Y0BcDSs-7d4&language=ES&libraries=places:1519
[  883868ms] Uncaught InvalidValueError: Map: Expected mapDiv of type HTMLElement but was passed null.
    at _.Vm (https://maps.googleapis.com/maps/api/js?key=AIzaSyBBPL41mFwmWqbqcMyUL3A6Y0BcDSs-7d4&language=ES&libraries=places:1389:396)
    at _.fr (https://maps.googleapis.com/maps/api/js?key=AIzaSyBBPL41mFwmWqbqcMyUL3A6Y0BcDSs-7d4&language=ES&libraries=places:1464:273)
    at initEval (https://kamary.l105.com/public/js/produccion/custom2.js?v931425479:19292:18)
    at <anonymous> (https://kamary.l105.com/public/js/produccion/custom2.js?v931425479:19361:8)
    at dispatch (https://kamary.l105.com/public/js/core/jquery.min.js:2:7518)
    at r.handle (https://kamary.l105.com/public/js/core/jquery.min.js:2:5599)
[  885759ms] [ERROR] Failed to load resource: the server responded with a status of 404 (Not Found) @ https://kamary.l105.com/public/css/new.css:0
[  885760ms] [ERROR] Failed to load resource: the server responded with a status of 404 (Not Found) @ https://kamary.l105.com/public/js/plugins/multiple-select/multiple-select.css:0
[  885760ms] [ERROR] Failed to load resource: the server responded with a status of 404 (Not Found) @ https://kamary.l105.com/public/js/plugins/multiple-select/bootstrap.css:0
[  885760ms] [ERROR] Failed to load resource: the server responded with a status of 404 (Not Found) @ https://kamary.l105.com/public/img/recursos/logo_imm.jpg:0
[  885888ms] [ERROR] Failed to load resource: the server responded with a status of 404 (Not Found) @ https://kamary.l105.com/public/js/libraries/html2canvas.min.js:0
[  885916ms] [ERROR] Failed to load resource: the server responded with a status of 404 (Not Found) @ https://kamary.l105.com/public/js/pages/base_forms_wizard.js:0
[  885916ms] [ERROR] Failed to load resource: the server responded with a status of 404 (Not Found) @ https://kamary.l105.com/public/js/plugins/multiple-select/multiple-select.js:0
[  886842ms] [ERROR] CKEditorError: Cannot convert undefined or null to object
Read more: https://ckeditor.com/docs/ckeditor5/latest/support/error-codes.html#error-Cannot convert undefined or null to object
    at Object.keys (<anonymous>)
    at ou.init (https://cdn.ckeditor.com/ckeditor5/36.0.1/classic/ckeditor.js:6:569572)
    at ou.<anonymous> (https://cdn.ckeditor.com/ckeditor5/36.0.1/classic/ckeditor.js:6:318383)
    at ou.fire (https://cdn.ckeditor.com/ckeditor5/36.0.1/classic/ckeditor.js:6:314751)
    at <computed> [as init] (https://cdn.ckeditor.com/ckeditor5/36.0.1/classic/ckeditor.js:6:318435)
    at https://cdn.ckeditor.com/ckeditor5/36.0.1/classic/ckeditor.js:6:728728 @ https://kamary.l105.com/public/js/produccion/custom2.js?v675998657:12
[  886842ms] [ERROR] CKEditorError: Cannot convert undefined or null to object
Read more: https://ckeditor.com/docs/ckeditor5/latest/support/error-codes.html#error-Cannot convert undefined or null to object
    at Object.keys (<anonymous>)
    at ou.init (https://cdn.ckeditor.com/ckeditor5/36.0.1/classic/ckeditor.js:6:569572)
    at ou.<anonymous> (https://cdn.ckeditor.com/ckeditor5/36.0.1/classic/ckeditor.js:6:318383)
    at ou.fire (https://cdn.ckeditor.com/ckeditor5/36.0.1/classic/ckeditor.js:6:314751)
    at <computed> [as init] (https://cdn.ckeditor.com/ckeditor5/36.0.1/classic/ckeditor.js:6:318435)
    at https://cdn.ckeditor.com/ckeditor5/36.0.1/classic/ckeditor.js:6:728728 @ https://kamary.l105.com/public/js/produccion/custom2.js?v675998657:12
[  886843ms] [ERROR] CKEditorError: Cannot convert undefined or null to object
Read more: https://ckeditor.com/docs/ckeditor5/latest/support/error-codes.html#error-Cannot convert undefined or null to object
    at Object.keys (<anonymous>)
    at ou.init (https://cdn.ckeditor.com/ckeditor5/36.0.1/classic/ckeditor.js:6:569572)
    at ou.<anonymous> (https://cdn.ckeditor.com/ckeditor5/36.0.1/classic/ckeditor.js:6:318383)
    at ou.fire (https://cdn.ckeditor.com/ckeditor5/36.0.1/classic/ckeditor.js:6:314751)
    at <computed> [as init] (https://cdn.ckeditor.com/ckeditor5/36.0.1/classic/ckeditor.js:6:318435)
    at https://cdn.ckeditor.com/ckeditor5/36.0.1/classic/ckeditor.js:6:728728 @ https://kamary.l105.com/public/js/produccion/custom2.js?v675998657:12
[  886843ms] [ERROR] CKEditorError: Cannot convert undefined or null to object
Read more: https://ckeditor.com/docs/ckeditor5/latest/support/error-codes.html#error-Cannot convert undefined or null to object
    at Object.keys (<anonymous>)
    at ou.init (https://cdn.ckeditor.com/ckeditor5/36.0.1/classic/ckeditor.js:6:569572)
    at ou.<anonymous> (https://cdn.ckeditor.com/ckeditor5/36.0.1/classic/ckeditor.js:6:318383)
    at ou.fire (https://cdn.ckeditor.com/ckeditor5/36.0.1/classic/ckeditor.js:6:314751)
    at <computed> [as init] (https://cdn.ckeditor.com/ckeditor5/36.0.1/classic/ckeditor.js:6:318435)
    at https://cdn.ckeditor.com/ckeditor5/36.0.1/classic/ckeditor.js:6:728728 @ https://kamary.l105.com/public/js/produccion/custom2.js?v675998657:12
[  886843ms] [ERROR] CKEditorError: Cannot convert undefined or null to object
Read more: https://ckeditor.com/docs/ckeditor5/latest/support/error-codes.html#error-Cannot convert undefined or null to object
    at Object.keys (<anonymous>)
    at ou.init (https://cdn.ckeditor.com/ckeditor5/36.0.1/classic/ckeditor.js:6:569572)
    at ou.<anonymous> (https://cdn.ckeditor.com/ckeditor5/36.0.1/classic/ckeditor.js:6:318383)
    at ou.fire (https://cdn.ckeditor.com/ckeditor5/36.0.1/classic/ckeditor.js:6:314751)
    at <computed> [as init] (https://cdn.ckeditor.com/ckeditor5/36.0.1/classic/ckeditor.js:6:318435)
    at https://cdn.ckeditor.com/ckeditor5/36.0.1/classic/ckeditor.js:6:728728 @ https://kamary.l105.com/public/js/produccion/custom2.js?v675998657:12
[  886843ms] [ERROR] CKEditorError: Cannot convert undefined or null to object
Read more: https://ckeditor.com/docs/ckeditor5/latest/support/error-codes.html#error-Cannot convert undefined or null to object
    at Object.keys (<anonymous>)
    at ou.init (https://cdn.ckeditor.com/ckeditor5/36.0.1/classic/ckeditor.js:6:569572)
    at ou.<anonymous> (https://cdn.ckeditor.com/ckeditor5/36.0.1/classic/ckeditor.js:6:318383)
    at ou.fire (https://cdn.ckeditor.com/ckeditor5/36.0.1/classic/ckeditor.js:6:314751)
    at <computed> [as init] (https://cdn.ckeditor.com/ckeditor5/36.0.1/classic/ckeditor.js:6:318435)
    at https://cdn.ckeditor.com/ckeditor5/36.0.1/classic/ckeditor.js:6:728728 @ https://kamary.l105.com/public/js/produccion/custom2.js?v675998657:12
[  886843ms] [ERROR] CKEditorError: Cannot convert undefined or null to object
Read more: https://ckeditor.com/docs/ckeditor5/latest/support/error-codes.html#error-Cannot convert undefined or null to object
    at Object.keys (<anonymous>)
    at ou.init (https://cdn.ckeditor.com/ckeditor5/36.0.1/classic/ckeditor.js:6:569572)
    at ou.<anonymous> (https://cdn.ckeditor.com/ckeditor5/36.0.1/classic/ckeditor.js:6:318383)
    at ou.fire (https://cdn.ckeditor.com/ckeditor5/36.0.1/classic/ckeditor.js:6:314751)
    at <computed> [as init] (https://cdn.ckeditor.com/ckeditor5/36.0.1/classic/ckeditor.js:6:318435)
    at https://cdn.ckeditor.com/ckeditor5/36.0.1/classic/ckeditor.js:6:728728 @ https://kamary.l105.com/public/js/produccion/custom2.js?v675998657:12
[  886843ms] [ERROR] CKEditorError: Cannot convert undefined or null to object
Read more: https://ckeditor.com/docs/ckeditor5/latest/support/error-codes.html#error-Cannot convert undefined or null to object
    at Object.keys (<anonymous>)
    at ou.init (https://cdn.ckeditor.com/ckeditor5/36.0.1/classic/ckeditor.js:6:569572)
    at ou.<anonymous> (https://cdn.ckeditor.com/ckeditor5/36.0.1/classic/ckeditor.js:6:318383)
    at ou.fire (https://cdn.ckeditor.com/ckeditor5/36.0.1/classic/ckeditor.js:6:314751)
    at <computed> [as init] (https://cdn.ckeditor.com/ckeditor5/36.0.1/classic/ckeditor.js:6:318435)
    at https://cdn.ckeditor.com/ckeditor5/36.0.1/classic/ckeditor.js:6:728728 @ https://kamary.l105.com/public/js/produccion/custom2.js?v675998657:12
[  886858ms] [WARNING] Google Maps JavaScript API has been loaded directly without loading=async. This can result in suboptimal performance. For best-practice loading patterns please see https://goo.gle/js-api-loading @ https://maps.googleapis.com/maps/api/js?key=AIzaSyBBPL41mFwmWqbqcMyUL3A6Y0BcDSs-7d4&language=ES&libraries=places:1519
[  886861ms] Uncaught InvalidValueError: Map: Expected mapDiv of type HTMLElement but was passed null.
    at _.Vm (https://maps.googleapis.com/maps/api/js?key=AIzaSyBBPL41mFwmWqbqcMyUL3A6Y0BcDSs-7d4&language=ES&libraries=places:1389:396)
    at _.fr (https://maps.googleapis.com/maps/api/js?key=AIzaSyBBPL41mFwmWqbqcMyUL3A6Y0BcDSs-7d4&language=ES&libraries=places:1464:273)
    at initEval (https://kamary.l105.com/public/js/produccion/custom2.js?v675998657:19292:18)
    at <anonymous> (https://kamary.l105.com/public/js/produccion/custom2.js?v675998657:19361:8)
    at dispatch (https://kamary.l105.com/public/js/core/jquery.min.js:2:7518)
    at r.handle (https://kamary.l105.com/public/js/core/jquery.min.js:2:5599)
[  888760ms] [ERROR] Failed to load resource: the server responded with a status of 404 (Not Found) @ https://kamary.l105.com/public/css/new.css:0
[  888783ms] [ERROR] Failed to load resource: the server responded with a status of 404 (Not Found) @ https://kamary.l105.com/public/img/recursos/logo_imm.jpg:0
[  888783ms] [ERROR] Failed to load resource: the server responded with a status of 404 (Not Found) @ https://kamary.l105.com/public/js/plugins/multiple-select/bootstrap.css:0
[  888783ms] [ERROR] Failed to load resource: the server responded with a status of 404 (Not Found) @ https://kamary.l105.com/public/js/plugins/multiple-select/multiple-select.css:0
[  888886ms] [ERROR] Failed to load resource: the server responded with a status of 404 (Not Found) @ https://kamary.l105.com/public/js/libraries/html2canvas.min.js:0
[  888908ms] [ERROR] Failed to load resource: the server responded with a status of 404 (Not Found) @ https://kamary.l105.com/public/js/pages/base_forms_wizard.js:0
[  888959ms] [ERROR] Failed to load resource: the server responded with a status of 404 (Not Found) @ https://kamary.l105.com/public/js/plugins/multiple-select/multiple-select.js:0
[  889889ms] [ERROR] CKEditorError: Cannot convert undefined or null to object
Read more: https://ckeditor.com/docs/ckeditor5/latest/support/error-codes.html#error-Cannot convert undefined or null to object
    at Object.keys (<anonymous>)
    at ou.init (https://cdn.ckeditor.com/ckeditor5/36.0.1/classic/ckeditor.js:6:569572)
    at ou.<anonymous> (https://cdn.ckeditor.com/ckeditor5/36.0.1/classic/ckeditor.js:6:318383)
    at ou.fire (https://cdn.ckeditor.com/ckeditor5/36.0.1/classic/ckeditor.js:6:314751)
    at <computed> [as init] (https://cdn.ckeditor.com/ckeditor5/36.0.1/classic/ckeditor.js:6:318435)
    at https://cdn.ckeditor.com/ckeditor5/36.0.1/classic/ckeditor.js:6:728728 @ https://kamary.l105.com/public/js/produccion/custom2.js?v2110162050:12
[  889889ms] [ERROR] CKEditorError: Cannot convert undefined or null to object
Read more: https://ckeditor.com/docs/ckeditor5/latest/support/error-codes.html#error-Cannot convert undefined or null to object
    at Object.keys (<anonymous>)
    at ou.init (https://cdn.ckeditor.com/ckeditor5/36.0.1/classic/ckeditor.js:6:569572)
    at ou.<anonymous> (https://cdn.ckeditor.com/ckeditor5/36.0.1/classic/ckeditor.js:6:318383)
    at ou.fire (https://cdn.ckeditor.com/ckeditor5/36.0.1/classic/ckeditor.js:6:314751)
    at <computed> [as init] (https://cdn.ckeditor.com/ckeditor5/36.0.1/classic/ckeditor.js:6:318435)
    at https://cdn.ckeditor.com/ckeditor5/36.0.1/classic/ckeditor.js:6:728728 @ https://kamary.l105.com/public/js/produccion/custom2.js?v2110162050:12
[  889889ms] [ERROR] CKEditorError: Cannot convert undefined or null to object
Read more: https://ckeditor.com/docs/ckeditor5/latest/support/error-codes.html#error-Cannot convert undefined or null to object
    at Object.keys (<anonymous>)
    at ou.init (https://cdn.ckeditor.com/ckeditor5/36.0.1/classic/ckeditor.js:6:569572)
    at ou.<anonymous> (https://cdn.ckeditor.com/ckeditor5/36.0.1/classic/ckeditor.js:6:318383)
    at ou.fire (https://cdn.ckeditor.com/ckeditor5/36.0.1/classic/ckeditor.js:6:314751)
    at <computed> [as init] (https://cdn.ckeditor.com/ckeditor5/36.0.1/classic/ckeditor.js:6:318435)
    at https://cdn.ckeditor.com/ckeditor5/36.0.1/classic/ckeditor.js:6:728728 @ https://kamary.l105.com/public/js/produccion/custom2.js?v2110162050:12
[  889890ms] [ERROR] CKEditorError: Cannot convert undefined or null to object
Read more: https://ckeditor.com/docs/ckeditor5/latest/support/error-codes.html#error-Cannot convert undefined or null to object
    at Object.keys (<anonymous>)
    at ou.init (https://cdn.ckeditor.com/ckeditor5/36.0.1/classic/ckeditor.js:6:569572)
    at ou.<anonymous> (https://cdn.ckeditor.com/ckeditor5/36.0.1/classic/ckeditor.js:6:318383)
    at ou.fire (https://cdn.ckeditor.com/ckeditor5/36.0.1/classic/ckeditor.js:6:314751)
    at <computed> [as init] (https://cdn.ckeditor.com/ckeditor5/36.0.1/classic/ckeditor.js:6:318435)
    at https://cdn.ckeditor.com/ckeditor5/36.0.1/classic/ckeditor.js:6:728728 @ https://kamary.l105.com/public/js/produccion/custom2.js?v2110162050:12
[  889890ms] [ERROR] CKEditorError: Cannot convert undefined or null to object
Read more: https://ckeditor.com/docs/ckeditor5/latest/support/error-codes.html#error-Cannot convert undefined or null to object
    at Object.keys (<anonymous>)
    at ou.init (https://cdn.ckeditor.com/ckeditor5/36.0.1/classic/ckeditor.js:6:569572)
    at ou.<anonymous> (https://cdn.ckeditor.com/ckeditor5/36.0.1/classic/ckeditor.js:6:318383)
    at ou.fire (https://cdn.ckeditor.com/ckeditor5/36.0.1/classic/ckeditor.js:6:314751)
    at <computed> [as init] (https://cdn.ckeditor.com/ckeditor5/36.0.1/classic/ckeditor.js:6:318435)
    at https://cdn.ckeditor.com/ckeditor5/36.0.1/classic/ckeditor.js:6:728728 @ https://kamary.l105.com/public/js/produccion/custom2.js?v2110162050:12
[  889890ms] [ERROR] CKEditorError: Cannot convert undefined or null to object
Read more: https://ckeditor.com/docs/ckeditor5/latest/support/error-codes.html#error-Cannot convert undefined or null to object
    at Object.keys (<anonymous>)
    at ou.init (https://cdn.ckeditor.com/ckeditor5/36.0.1/classic/ckeditor.js:6:569572)
    at ou.<anonymous> (https://cdn.ckeditor.com/ckeditor5/36.0.1/classic/ckeditor.js:6:318383)
    at ou.fire (https://cdn.ckeditor.com/ckeditor5/36.0.1/classic/ckeditor.js:6:314751)
    at <computed> [as init] (https://cdn.ckeditor.com/ckeditor5/36.0.1/classic/ckeditor.js:6:318435)
    at https://cdn.ckeditor.com/ckeditor5/36.0.1/classic/ckeditor.js:6:728728 @ https://kamary.l105.com/public/js/produccion/custom2.js?v2110162050:12
[  889890ms] [ERROR] CKEditorError: Cannot convert undefined or null to object
Read more: https://ckeditor.com/docs/ckeditor5/latest/support/error-codes.html#error-Cannot convert undefined or null to object
    at Object.keys (<anonymous>)
    at ou.init (https://cdn.ckeditor.com/ckeditor5/36.0.1/classic/ckeditor.js:6:569572)
    at ou.<anonymous> (https://cdn.ckeditor.com/ckeditor5/36.0.1/classic/ckeditor.js:6:318383)
    at ou.fire (https://cdn.ckeditor.com/ckeditor5/36.0.1/classic/ckeditor.js:6:314751)
    at <computed> [as init] (https://cdn.ckeditor.com/ckeditor5/36.0.1/classic/ckeditor.js:6:318435)
    at https://cdn.ckeditor.com/ckeditor5/36.0.1/classic/ckeditor.js:6:728728 @ https://kamary.l105.com/public/js/produccion/custom2.js?v2110162050:12
[  889890ms] [ERROR] CKEditorError: Cannot convert undefined or null to object
Read more: https://ckeditor.com/docs/ckeditor5/latest/support/error-codes.html#error-Cannot convert undefined or null to object
    at Object.keys (<anonymous>)
    at ou.init (https://cdn.ckeditor.com/ckeditor5/36.0.1/classic/ckeditor.js:6:569572)
    at ou.<anonymous> (https://cdn.ckeditor.com/ckeditor5/36.0.1/classic/ckeditor.js:6:318383)
    at ou.fire (https://cdn.ckeditor.com/ckeditor5/36.0.1/classic/ckeditor.js:6:314751)
    at <computed> [as init] (https://cdn.ckeditor.com/ckeditor5/36.0.1/classic/ckeditor.js:6:318435)
    at https://cdn.ckeditor.com/ckeditor5/36.0.1/classic/ckeditor.js:6:728728 @ https://kamary.l105.com/public/js/produccion/custom2.js?v2110162050:12
[  889904ms] [WARNING] Google Maps JavaScript API has been loaded directly without loading=async. This can result in suboptimal performance. For best-practice loading patterns please see https://goo.gle/js-api-loading @ https://maps.googleapis.com/maps/api/js?key=AIzaSyBBPL41mFwmWqbqcMyUL3A6Y0BcDSs-7d4&language=ES&libraries=places:1519
[  889908ms] Uncaught InvalidValueError: Map: Expected mapDiv of type HTMLElement but was passed null.
    at _.Vm (https://maps.googleapis.com/maps/api/js?key=AIzaSyBBPL41mFwmWqbqcMyUL3A6Y0BcDSs-7d4&language=ES&libraries=places:1389:396)
    at _.fr (https://maps.googleapis.com/maps/api/js?key=AIzaSyBBPL41mFwmWqbqcMyUL3A6Y0BcDSs-7d4&language=ES&libraries=places:1464:273)
    at initEval (https://kamary.l105.com/public/js/produccion/custom2.js?v2110162050:19292:18)
    at <anonymous> (https://kamary.l105.com/public/js/produccion/custom2.js?v2110162050:19361:8)
    at dispatch (https://kamary.l105.com/public/js/core/jquery.min.js:2:7518)
    at r.handle (https://kamary.l105.com/public/js/core/jquery.min.js:2:5599)
[  891764ms] [ERROR] Failed to load resource: the server responded with a status of 404 (Not Found) @ https://kamary.l105.com/public/css/new.css:0
[  891765ms] [ERROR] Failed to load resource: the server responded with a status of 404 (Not Found) @ https://kamary.l105.com/public/js/plugins/multiple-select/multiple-select.css:0
[  891765ms] [ERROR] Failed to load resource: the server responded with a status of 404 (Not Found) @ https://kamary.l105.com/public/img/recursos/logo_imm.jpg:0
[  891765ms] [ERROR] Failed to load resource: the server responded with a status of 404 (Not Found) @ https://kamary.l105.com/public/js/plugins/multiple-select/bootstrap.css:0
[  891868ms] [ERROR] Failed to load resource: the server responded with a status of 404 (Not Found) @ https://kamary.l105.com/public/js/libraries/html2canvas.min.js:0
[  891918ms] [ERROR] Failed to load resource: the server responded with a status of 404 (Not Found) @ https://kamary.l105.com/public/js/plugins/multiple-select/multiple-select.js:0
[  891918ms] [ERROR] Failed to load resource: the server responded with a status of 404 (Not Found) @ https://kamary.l105.com/public/js/pages/base_forms_wizard.js:0
[  894018ms] [ERROR] CKEditorError: Cannot convert undefined or null to object
Read more: https://ckeditor.com/docs/ckeditor5/latest/support/error-codes.html#error-Cannot convert undefined or null to object
    at Object.keys (<anonymous>)
    at ou.init (https://cdn.ckeditor.com/ckeditor5/36.0.1/classic/ckeditor.js:6:569572)
    at ou.<anonymous> (https://cdn.ckeditor.com/ckeditor5/36.0.1/classic/ckeditor.js:6:318383)
    at ou.fire (https://cdn.ckeditor.com/ckeditor5/36.0.1/classic/ckeditor.js:6:314751)
    at <computed> [as init] (https://cdn.ckeditor.com/ckeditor5/36.0.1/classic/ckeditor.js:6:318435)
    at https://cdn.ckeditor.com/ckeditor5/36.0.1/classic/ckeditor.js:6:728728 @ https://kamary.l105.com/public/js/produccion/custom2.js?v1814279718:12
[  894018ms] [ERROR] CKEditorError: Cannot convert undefined or null to object
Read more: https://ckeditor.com/docs/ckeditor5/latest/support/error-codes.html#error-Cannot convert undefined or null to object
    at Object.keys (<anonymous>)
    at ou.init (https://cdn.ckeditor.com/ckeditor5/36.0.1/classic/ckeditor.js:6:569572)
    at ou.<anonymous> (https://cdn.ckeditor.com/ckeditor5/36.0.1/classic/ckeditor.js:6:318383)
    at ou.fire (https://cdn.ckeditor.com/ckeditor5/36.0.1/classic/ckeditor.js:6:314751)
    at <computed> [as init] (https://cdn.ckeditor.com/ckeditor5/36.0.1/classic/ckeditor.js:6:318435)
    at https://cdn.ckeditor.com/ckeditor5/36.0.1/classic/ckeditor.js:6:728728 @ https://kamary.l105.com/public/js/produccion/custom2.js?v1814279718:12
[  894018ms] [ERROR] CKEditorError: Cannot convert undefined or null to object
Read more: https://ckeditor.com/docs/ckeditor5/latest/support/error-codes.html#error-Cannot convert undefined or null to object
    at Object.keys (<anonymous>)
    at ou.init (https://cdn.ckeditor.com/ckeditor5/36.0.1/classic/ckeditor.js:6:569572)
    at ou.<anonymous> (https://cdn.ckeditor.com/ckeditor5/36.0.1/classic/ckeditor.js:6:318383)
    at ou.fire (https://cdn.ckeditor.com/ckeditor5/36.0.1/classic/ckeditor.js:6:314751)
    at <computed> [as init] (https://cdn.ckeditor.com/ckeditor5/36.0.1/classic/ckeditor.js:6:318435)
    at https://cdn.ckeditor.com/ckeditor5/36.0.1/classic/ckeditor.js:6:728728 @ https://kamary.l105.com/public/js/produccion/custom2.js?v1814279718:12
[  894019ms] [ERROR] CKEditorError: Cannot convert undefined or null to object
Read more: https://ckeditor.com/docs/ckeditor5/latest/support/error-codes.html#error-Cannot convert undefined or null to object
    at Object.keys (<anonymous>)
    at ou.init (https://cdn.ckeditor.com/ckeditor5/36.0.1/classic/ckeditor.js:6:569572)
    at ou.<anonymous> (https://cdn.ckeditor.com/ckeditor5/36.0.1/classic/ckeditor.js:6:318383)
    at ou.fire (https://cdn.ckeditor.com/ckeditor5/36.0.1/classic/ckeditor.js:6:314751)
    at <computed> [as init] (https://cdn.ckeditor.com/ckeditor5/36.0.1/classic/ckeditor.js:6:318435)
    at https://cdn.ckeditor.com/ckeditor5/36.0.1/classic/ckeditor.js:6:728728 @ https://kamary.l105.com/public/js/produccion/custom2.js?v1814279718:12
[  894019ms] [ERROR] CKEditorError: Cannot convert undefined or null to object
Read more: https://ckeditor.com/docs/ckeditor5/latest/support/error-codes.html#error-Cannot convert undefined or null to object
    at Object.keys (<anonymous>)
    at ou.init (https://cdn.ckeditor.com/ckeditor5/36.0.1/classic/ckeditor.js:6:569572)
    at ou.<anonymous> (https://cdn.ckeditor.com/ckeditor5/36.0.1/classic/ckeditor.js:6:318383)
    at ou.fire (https://cdn.ckeditor.com/ckeditor5/36.0.1/classic/ckeditor.js:6:314751)
    at <computed> [as init] (https://cdn.ckeditor.com/ckeditor5/36.0.1/classic/ckeditor.js:6:318435)
    at https://cdn.ckeditor.com/ckeditor5/36.0.1/classic/ckeditor.js:6:728728 @ https://kamary.l105.com/public/js/produccion/custom2.js?v1814279718:12
[  894019ms] [ERROR] CKEditorError: Cannot convert undefined or null to object
Read more: https://ckeditor.com/docs/ckeditor5/latest/support/error-codes.html#error-Cannot convert undefined or null to object
    at Object.keys (<anonymous>)
    at ou.init (https://cdn.ckeditor.com/ckeditor5/36.0.1/classic/ckeditor.js:6:569572)
    at ou.<anonymous> (https://cdn.ckeditor.com/ckeditor5/36.0.1/classic/ckeditor.js:6:318383)
    at ou.fire (https://cdn.ckeditor.com/ckeditor5/36.0.1/classic/ckeditor.js:6:314751)
    at <computed> [as init] (https://cdn.ckeditor.com/ckeditor5/36.0.1/classic/ckeditor.js:6:318435)
    at https://cdn.ckeditor.com/ckeditor5/36.0.1/classic/ckeditor.js:6:728728 @ https://kamary.l105.com/public/js/produccion/custom2.js?v1814279718:12
[  894019ms] [ERROR] CKEditorError: Cannot convert undefined or null to object
Read more: https://ckeditor.com/docs/ckeditor5/latest/support/error-codes.html#error-Cannot convert undefined or null to object
    at Object.keys (<anonymous>)
    at ou.init (https://cdn.ckeditor.com/ckeditor5/36.0.1/classic/ckeditor.js:6:569572)
    at ou.<anonymous> (https://cdn.ckeditor.com/ckeditor5/36.0.1/classic/ckeditor.js:6:318383)
    at ou.fire (https://cdn.ckeditor.com/ckeditor5/36.0.1/classic/ckeditor.js:6:314751)
    at <computed> [as init] (https://cdn.ckeditor.com/ckeditor5/36.0.1/classic/ckeditor.js:6:318435)
    at https://cdn.ckeditor.com/ckeditor5/36.0.1/classic/ckeditor.js:6:728728 @ https://kamary.l105.com/public/js/produccion/custom2.js?v1814279718:12
[  894019ms] [ERROR] CKEditorError: Cannot convert undefined or null to object
Read more: https://ckeditor.com/docs/ckeditor5/latest/support/error-codes.html#error-Cannot convert undefined or null to object
    at Object.keys (<anonymous>)
    at ou.init (https://cdn.ckeditor.com/ckeditor5/36.0.1/classic/ckeditor.js:6:569572)
    at ou.<anonymous> (https://cdn.ckeditor.com/ckeditor5/36.0.1/classic/ckeditor.js:6:318383)
    at ou.fire (https://cdn.ckeditor.com/ckeditor5/36.0.1/classic/ckeditor.js:6:314751)
    at <computed> [as init] (https://cdn.ckeditor.com/ckeditor5/36.0.1/classic/ckeditor.js:6:318435)
    at https://cdn.ckeditor.com/ckeditor5/36.0.1/classic/ckeditor.js:6:728728 @ https://kamary.l105.com/public/js/produccion/custom2.js?v1814279718:12
[  894031ms] [WARNING] Google Maps JavaScript API has been loaded directly without loading=async. This can result in suboptimal performance. For best-practice loading patterns please see https://goo.gle/js-api-loading @ https://maps.googleapis.com/maps/api/js?key=AIzaSyBBPL41mFwmWqbqcMyUL3A6Y0BcDSs-7d4&language=ES&libraries=places:1519
[  894035ms] Uncaught InvalidValueError: Map: Expected mapDiv of type HTMLElement but was passed null.
    at _.Vm (https://maps.googleapis.com/maps/api/js?key=AIzaSyBBPL41mFwmWqbqcMyUL3A6Y0BcDSs-7d4&language=ES&libraries=places:1389:396)
    at _.fr (https://maps.googleapis.com/maps/api/js?key=AIzaSyBBPL41mFwmWqbqcMyUL3A6Y0BcDSs-7d4&language=ES&libraries=places:1464:273)
    at initEval (https://kamary.l105.com/public/js/produccion/custom2.js?v1814279718:19292:18)
    at <anonymous> (https://kamary.l105.com/public/js/produccion/custom2.js?v1814279718:19361:8)
    at dispatch (https://kamary.l105.com/public/js/core/jquery.min.js:2:7518)
    at r.handle (https://kamary.l105.com/public/js/core/jquery.min.js:2:5599)
[  896059ms] [ERROR] Failed to load resource: the server responded with a status of 404 (Not Found) @ https://kamary.l105.com/public/js/plugins/multiple-select/multiple-select.css:0
[  896059ms] [ERROR] Failed to load resource: the server responded with a status of 404 (Not Found) @ https://kamary.l105.com/public/css/new.css:0
[  896060ms] [ERROR] Failed to load resource: the server responded with a status of 404 (Not Found) @ https://kamary.l105.com/public/img/recursos/logo_imm.jpg:0
[  896060ms] [ERROR] Failed to load resource: the server responded with a status of 404 (Not Found) @ https://kamary.l105.com/public/js/plugins/multiple-select/bootstrap.css:0
[  896204ms] [ERROR] Failed to load resource: the server responded with a status of 404 (Not Found) @ https://kamary.l105.com/public/js/libraries/html2canvas.min.js:0
[  896223ms] [ERROR] Failed to load resource: the server responded with a status of 404 (Not Found) @ https://kamary.l105.com/public/js/plugins/multiple-select/multiple-select.js:0
[  896223ms] [ERROR] Failed to load resource: the server responded with a status of 404 (Not Found) @ https://kamary.l105.com/public/js/pages/base_forms_wizard.js:0
[  897127ms] [ERROR] CKEditorError: Cannot convert undefined or null to object
Read more: https://ckeditor.com/docs/ckeditor5/latest/support/error-codes.html#error-Cannot convert undefined or null to object
    at Object.keys (<anonymous>)
    at ou.init (https://cdn.ckeditor.com/ckeditor5/36.0.1/classic/ckeditor.js:6:569572)
    at ou.<anonymous> (https://cdn.ckeditor.com/ckeditor5/36.0.1/classic/ckeditor.js:6:318383)
    at ou.fire (https://cdn.ckeditor.com/ckeditor5/36.0.1/classic/ckeditor.js:6:314751)
    at <computed> [as init] (https://cdn.ckeditor.com/ckeditor5/36.0.1/classic/ckeditor.js:6:318435)
    at https://cdn.ckeditor.com/ckeditor5/36.0.1/classic/ckeditor.js:6:728728 @ https://kamary.l105.com/public/js/produccion/custom2.js?v339823871:12
[  897127ms] [ERROR] CKEditorError: Cannot convert undefined or null to object
Read more: https://ckeditor.com/docs/ckeditor5/latest/support/error-codes.html#error-Cannot convert undefined or null to object
    at Object.keys (<anonymous>)
    at ou.init (https://cdn.ckeditor.com/ckeditor5/36.0.1/classic/ckeditor.js:6:569572)
    at ou.<anonymous> (https://cdn.ckeditor.com/ckeditor5/36.0.1/classic/ckeditor.js:6:318383)
    at ou.fire (https://cdn.ckeditor.com/ckeditor5/36.0.1/classic/ckeditor.js:6:314751)
    at <computed> [as init] (https://cdn.ckeditor.com/ckeditor5/36.0.1/classic/ckeditor.js:6:318435)
    at https://cdn.ckeditor.com/ckeditor5/36.0.1/classic/ckeditor.js:6:728728 @ https://kamary.l105.com/public/js/produccion/custom2.js?v339823871:12
[  897127ms] [ERROR] CKEditorError: Cannot convert undefined or null to object
Read more: https://ckeditor.com/docs/ckeditor5/latest/support/error-codes.html#error-Cannot convert undefined or null to object
    at Object.keys (<anonymous>)
    at ou.init (https://cdn.ckeditor.com/ckeditor5/36.0.1/classic/ckeditor.js:6:569572)
    at ou.<anonymous> (https://cdn.ckeditor.com/ckeditor5/36.0.1/classic/ckeditor.js:6:318383)
    at ou.fire (https://cdn.ckeditor.com/ckeditor5/36.0.1/classic/ckeditor.js:6:314751)
    at <computed> [as init] (https://cdn.ckeditor.com/ckeditor5/36.0.1/classic/ckeditor.js:6:318435)
    at https://cdn.ckeditor.com/ckeditor5/36.0.1/classic/ckeditor.js:6:728728 @ https://kamary.l105.com/public/js/produccion/custom2.js?v339823871:12
[  897127ms] [ERROR] CKEditorError: Cannot convert undefined or null to object
Read more: https://ckeditor.com/docs/ckeditor5/latest/support/error-codes.html#error-Cannot convert undefined or null to object
    at Object.keys (<anonymous>)
    at ou.init (https://cdn.ckeditor.com/ckeditor5/36.0.1/classic/ckeditor.js:6:569572)
    at ou.<anonymous> (https://cdn.ckeditor.com/ckeditor5/36.0.1/classic/ckeditor.js:6:318383)
    at ou.fire (https://cdn.ckeditor.com/ckeditor5/36.0.1/classic/ckeditor.js:6:314751)
    at <computed> [as init] (https://cdn.ckeditor.com/ckeditor5/36.0.1/classic/ckeditor.js:6:318435)
    at https://cdn.ckeditor.com/ckeditor5/36.0.1/classic/ckeditor.js:6:728728 @ https://kamary.l105.com/public/js/produccion/custom2.js?v339823871:12
[  897127ms] [ERROR] CKEditorError: Cannot convert undefined or null to object
Read more: https://ckeditor.com/docs/ckeditor5/latest/support/error-codes.html#error-Cannot convert undefined or null to object
    at Object.keys (<anonymous>)
    at ou.init (https://cdn.ckeditor.com/ckeditor5/36.0.1/classic/ckeditor.js:6:569572)
    at ou.<anonymous> (https://cdn.ckeditor.com/ckeditor5/36.0.1/classic/ckeditor.js:6:318383)
    at ou.fire (https://cdn.ckeditor.com/ckeditor5/36.0.1/classic/ckeditor.js:6:314751)
    at <computed> [as init] (https://cdn.ckeditor.com/ckeditor5/36.0.1/classic/ckeditor.js:6:318435)
    at https://cdn.ckeditor.com/ckeditor5/36.0.1/classic/ckeditor.js:6:728728 @ https://kamary.l105.com/public/js/produccion/custom2.js?v339823871:12
[  897127ms] [ERROR] CKEditorError: Cannot convert undefined or null to object
Read more: https://ckeditor.com/docs/ckeditor5/latest/support/error-codes.html#error-Cannot convert undefined or null to object
    at Object.keys (<anonymous>)
    at ou.init (https://cdn.ckeditor.com/ckeditor5/36.0.1/classic/ckeditor.js:6:569572)
    at ou.<anonymous> (https://cdn.ckeditor.com/ckeditor5/36.0.1/classic/ckeditor.js:6:318383)
    at ou.fire (https://cdn.ckeditor.com/ckeditor5/36.0.1/classic/ckeditor.js:6:314751)
    at <computed> [as init] (https://cdn.ckeditor.com/ckeditor5/36.0.1/classic/ckeditor.js:6:318435)
    at https://cdn.ckeditor.com/ckeditor5/36.0.1/classic/ckeditor.js:6:728728 @ https://kamary.l105.com/public/js/produccion/custom2.js?v339823871:12
[  897128ms] [ERROR] CKEditorError: Cannot convert undefined or null to object
Read more: https://ckeditor.com/docs/ckeditor5/latest/support/error-codes.html#error-Cannot convert undefined or null to object
    at Object.keys (<anonymous>)
    at ou.init (https://cdn.ckeditor.com/ckeditor5/36.0.1/classic/ckeditor.js:6:569572)
    at ou.<anonymous> (https://cdn.ckeditor.com/ckeditor5/36.0.1/classic/ckeditor.js:6:318383)
    at ou.fire (https://cdn.ckeditor.com/ckeditor5/36.0.1/classic/ckeditor.js:6:314751)
    at <computed> [as init] (https://cdn.ckeditor.com/ckeditor5/36.0.1/classic/ckeditor.js:6:318435)
    at https://cdn.ckeditor.com/ckeditor5/36.0.1/classic/ckeditor.js:6:728728 @ https://kamary.l105.com/public/js/produccion/custom2.js?v339823871:12
[  897128ms] [ERROR] CKEditorError: Cannot convert undefined or null to object
Read more: https://ckeditor.com/docs/ckeditor5/latest/support/error-codes.html#error-Cannot convert undefined or null to object
    at Object.keys (<anonymous>)
    at ou.init (https://cdn.ckeditor.com/ckeditor5/36.0.1/classic/ckeditor.js:6:569572)
    at ou.<anonymous> (https://cdn.ckeditor.com/ckeditor5/36.0.1/classic/ckeditor.js:6:318383)
    at ou.fire (https://cdn.ckeditor.com/ckeditor5/36.0.1/classic/ckeditor.js:6:314751)
    at <computed> [as init] (https://cdn.ckeditor.com/ckeditor5/36.0.1/classic/ckeditor.js:6:318435)
    at https://cdn.ckeditor.com/ckeditor5/36.0.1/classic/ckeditor.js:6:728728 @ https://kamary.l105.com/public/js/produccion/custom2.js?v339823871:12
[  897144ms] [WARNING] Google Maps JavaScript API has been loaded directly without loading=async. This can result in suboptimal performance. For best-practice loading patterns please see https://goo.gle/js-api-loading @ https://maps.googleapis.com/maps/api/js?key=AIzaSyBBPL41mFwmWqbqcMyUL3A6Y0BcDSs-7d4&language=ES&libraries=places:1519
[  897151ms] Uncaught InvalidValueError: Map: Expected mapDiv of type HTMLElement but was passed null.
    at _.Vm (https://maps.googleapis.com/maps/api/js?key=AIzaSyBBPL41mFwmWqbqcMyUL3A6Y0BcDSs-7d4&language=ES&libraries=places:1389:396)
    at _.fr (https://maps.googleapis.com/maps/api/js?key=AIzaSyBBPL41mFwmWqbqcMyUL3A6Y0BcDSs-7d4&language=ES&libraries=places:1464:273)
    at initEval (https://kamary.l105.com/public/js/produccion/custom2.js?v339823871:19292:18)
    at <anonymous> (https://kamary.l105.com/public/js/produccion/custom2.js?v339823871:19361:8)
    at dispatch (https://kamary.l105.com/public/js/core/jquery.min.js:2:7518)
    at r.handle (https://kamary.l105.com/public/js/core/jquery.min.js:2:5599)
[  899086ms] [ERROR] Failed to load resource: the server responded with a status of 404 (Not Found) @ https://kamary.l105.com/public/js/libraries/html2canvas.min.js:0
[  899091ms] [ERROR] Failed to load resource: the server responded with a status of 404 (Not Found) @ https://kamary.l105.com/public/js/plugins/multiple-select/bootstrap.css:0
[  899095ms] [ERROR] Failed to load resource: the server responded with a status of 404 (Not Found) @ https://kamary.l105.com/public/img/recursos/logo_imm.jpg:0
[  899096ms] [ERROR] Failed to load resource: the server responded with a status of 404 (Not Found) @ https://kamary.l105.com/public/js/plugins/multiple-select/multiple-select.css:0
[  899096ms] [ERROR] Failed to load resource: the server responded with a status of 404 (Not Found) @ https://kamary.l105.com/public/css/new.css:0
[  899248ms] [ERROR] Failed to load resource: the server responded with a status of 404 (Not Found) @ https://kamary.l105.com/public/js/pages/base_forms_wizard.js:0
[  899297ms] [ERROR] Failed to load resource: the server responded with a status of 404 (Not Found) @ https://kamary.l105.com/public/js/plugins/multiple-select/multiple-select.js:0
[  900139ms] [ERROR] CKEditorError: Cannot convert undefined or null to object
Read more: https://ckeditor.com/docs/ckeditor5/latest/support/error-codes.html#error-Cannot convert undefined or null to object
    at Object.keys (<anonymous>)
    at ou.init (https://cdn.ckeditor.com/ckeditor5/36.0.1/classic/ckeditor.js:6:569572)
    at ou.<anonymous> (https://cdn.ckeditor.com/ckeditor5/36.0.1/classic/ckeditor.js:6:318383)
    at ou.fire (https://cdn.ckeditor.com/ckeditor5/36.0.1/classic/ckeditor.js:6:314751)
    at <computed> [as init] (https://cdn.ckeditor.com/ckeditor5/36.0.1/classic/ckeditor.js:6:318435)
    at https://cdn.ckeditor.com/ckeditor5/36.0.1/classic/ckeditor.js:6:728728 @ https://kamary.l105.com/public/js/produccion/custom2.js?v1136687736:12
[  900139ms] [ERROR] CKEditorError: Cannot convert undefined or null to object
Read more: https://ckeditor.com/docs/ckeditor5/latest/support/error-codes.html#error-Cannot convert undefined or null to object
    at Object.keys (<anonymous>)
    at ou.init (https://cdn.ckeditor.com/ckeditor5/36.0.1/classic/ckeditor.js:6:569572)
    at ou.<anonymous> (https://cdn.ckeditor.com/ckeditor5/36.0.1/classic/ckeditor.js:6:318383)
    at ou.fire (https://cdn.ckeditor.com/ckeditor5/36.0.1/classic/ckeditor.js:6:314751)
    at <computed> [as init] (https://cdn.ckeditor.com/ckeditor5/36.0.1/classic/ckeditor.js:6:318435)
    at https://cdn.ckeditor.com/ckeditor5/36.0.1/classic/ckeditor.js:6:728728 @ https://kamary.l105.com/public/js/produccion/custom2.js?v1136687736:12
[  900139ms] [ERROR] CKEditorError: Cannot convert undefined or null to object
Read more: https://ckeditor.com/docs/ckeditor5/latest/support/error-codes.html#error-Cannot convert undefined or null to object
    at Object.keys (<anonymous>)
    at ou.init (https://cdn.ckeditor.com/ckeditor5/36.0.1/classic/ckeditor.js:6:569572)
    at ou.<anonymous> (https://cdn.ckeditor.com/ckeditor5/36.0.1/classic/ckeditor.js:6:318383)
    at ou.fire (https://cdn.ckeditor.com/ckeditor5/36.0.1/classic/ckeditor.js:6:314751)
    at <computed> [as init] (https://cdn.ckeditor.com/ckeditor5/36.0.1/classic/ckeditor.js:6:318435)
    at https://cdn.ckeditor.com/ckeditor5/36.0.1/classic/ckeditor.js:6:728728 @ https://kamary.l105.com/public/js/produccion/custom2.js?v1136687736:12
[  900139ms] [ERROR] CKEditorError: Cannot convert undefined or null to object
Read more: https://ckeditor.com/docs/ckeditor5/latest/support/error-codes.html#error-Cannot convert undefined or null to object
    at Object.keys (<anonymous>)
    at ou.init (https://cdn.ckeditor.com/ckeditor5/36.0.1/classic/ckeditor.js:6:569572)
    at ou.<anonymous> (https://cdn.ckeditor.com/ckeditor5/36.0.1/classic/ckeditor.js:6:318383)
    at ou.fire (https://cdn.ckeditor.com/ckeditor5/36.0.1/classic/ckeditor.js:6:314751)
    at <computed> [as init] (https://cdn.ckeditor.com/ckeditor5/36.0.1/classic/ckeditor.js:6:318435)
    at https://cdn.ckeditor.com/ckeditor5/36.0.1/classic/ckeditor.js:6:728728 @ https://kamary.l105.com/public/js/produccion/custom2.js?v1136687736:12
[  900139ms] [ERROR] CKEditorError: Cannot convert undefined or null to object
Read more: https://ckeditor.com/docs/ckeditor5/latest/support/error-codes.html#error-Cannot convert undefined or null to object
    at Object.keys (<anonymous>)
    at ou.init (https://cdn.ckeditor.com/ckeditor5/36.0.1/classic/ckeditor.js:6:569572)
    at ou.<anonymous> (https://cdn.ckeditor.com/ckeditor5/36.0.1/classic/ckeditor.js:6:318383)
    at ou.fire (https://cdn.ckeditor.com/ckeditor5/36.0.1/classic/ckeditor.js:6:314751)
    at <computed> [as init] (https://cdn.ckeditor.com/ckeditor5/36.0.1/classic/ckeditor.js:6:318435)
    at https://cdn.ckeditor.com/ckeditor5/36.0.1/classic/ckeditor.js:6:728728 @ https://kamary.l105.com/public/js/produccion/custom2.js?v1136687736:12
[  900139ms] [ERROR] CKEditorError: Cannot convert undefined or null to object
Read more: https://ckeditor.com/docs/ckeditor5/latest/support/error-codes.html#error-Cannot convert undefined or null to object
    at Object.keys (<anonymous>)
    at ou.init (https://cdn.ckeditor.com/ckeditor5/36.0.1/classic/ckeditor.js:6:569572)
    at ou.<anonymous> (https://cdn.ckeditor.com/ckeditor5/36.0.1/classic/ckeditor.js:6:318383)
    at ou.fire (https://cdn.ckeditor.com/ckeditor5/36.0.1/classic/ckeditor.js:6:314751)
    at <computed> [as init] (https://cdn.ckeditor.com/ckeditor5/36.0.1/classic/ckeditor.js:6:318435)
    at https://cdn.ckeditor.com/ckeditor5/36.0.1/classic/ckeditor.js:6:728728 @ https://kamary.l105.com/public/js/produccion/custom2.js?v1136687736:12
[  900140ms] [ERROR] CKEditorError: Cannot convert undefined or null to object
Read more: https://ckeditor.com/docs/ckeditor5/latest/support/error-codes.html#error-Cannot convert undefined or null to object
    at Object.keys (<anonymous>)
    at ou.init (https://cdn.ckeditor.com/ckeditor5/36.0.1/classic/ckeditor.js:6:569572)
    at ou.<anonymous> (https://cdn.ckeditor.com/ckeditor5/36.0.1/classic/ckeditor.js:6:318383)
    at ou.fire (https://cdn.ckeditor.com/ckeditor5/36.0.1/classic/ckeditor.js:6:314751)
    at <computed> [as init] (https://cdn.ckeditor.com/ckeditor5/36.0.1/classic/ckeditor.js:6:318435)
    at https://cdn.ckeditor.com/ckeditor5/36.0.1/classic/ckeditor.js:6:728728 @ https://kamary.l105.com/public/js/produccion/custom2.js?v1136687736:12
[  900140ms] [ERROR] CKEditorError: Cannot convert undefined or null to object
Read more: https://ckeditor.com/docs/ckeditor5/latest/support/error-codes.html#error-Cannot convert undefined or null to object
    at Object.keys (<anonymous>)
    at ou.init (https://cdn.ckeditor.com/ckeditor5/36.0.1/classic/ckeditor.js:6:569572)
    at ou.<anonymous> (https://cdn.ckeditor.com/ckeditor5/36.0.1/classic/ckeditor.js:6:318383)
    at ou.fire (https://cdn.ckeditor.com/ckeditor5/36.0.1/classic/ckeditor.js:6:314751)
    at <computed> [as init] (https://cdn.ckeditor.com/ckeditor5/36.0.1/classic/ckeditor.js:6:318435)
    at https://cdn.ckeditor.com/ckeditor5/36.0.1/classic/ckeditor.js:6:728728 @ https://kamary.l105.com/public/js/produccion/custom2.js?v1136687736:12
[  900152ms] [WARNING] Google Maps JavaScript API has been loaded directly without loading=async. This can result in suboptimal performance. For best-practice loading patterns please see https://goo.gle/js-api-loading @ https://maps.googleapis.com/maps/api/js?key=AIzaSyBBPL41mFwmWqbqcMyUL3A6Y0BcDSs-7d4&language=ES&libraries=places:1519
[  900155ms] Uncaught InvalidValueError: Map: Expected mapDiv of type HTMLElement but was passed null.
    at _.Vm (https://maps.googleapis.com/maps/api/js?key=AIzaSyBBPL41mFwmWqbqcMyUL3A6Y0BcDSs-7d4&language=ES&libraries=places:1389:396)
    at _.fr (https://maps.googleapis.com/maps/api/js?key=AIzaSyBBPL41mFwmWqbqcMyUL3A6Y0BcDSs-7d4&language=ES&libraries=places:1464:273)
    at initEval (https://kamary.l105.com/public/js/produccion/custom2.js?v1136687736:19292:18)
    at <anonymous> (https://kamary.l105.com/public/js/produccion/custom2.js?v1136687736:19361:8)
    at dispatch (https://kamary.l105.com/public/js/core/jquery.min.js:2:7518)
    at r.handle (https://kamary.l105.com/public/js/core/jquery.min.js:2:5599)
[  902113ms] [ERROR] Failed to load resource: the server responded with a status of 404 (Not Found) @ https://kamary.l105.com/public/js/plugins/multiple-select/bootstrap.css:0
[  902113ms] [ERROR] Failed to load resource: the server responded with a status of 404 (Not Found) @ https://kamary.l105.com/public/js/plugins/multiple-select/multiple-select.css:0
[  902114ms] [ERROR] Failed to load resource: the server responded with a status of 404 (Not Found) @ https://kamary.l105.com/public/css/new.css:0
[  902265ms] [ERROR] Failed to load resource: the server responded with a status of 404 (Not Found) @ https://kamary.l105.com/public/img/recursos/logo_imm.jpg:0
[  902541ms] [ERROR] Failed to load resource: the server responded with a status of 404 (Not Found) @ https://kamary.l105.com/public/js/plugins/multiple-select/multiple-select.js:0
[  902542ms] [ERROR] Failed to load resource: the server responded with a status of 404 (Not Found) @ https://kamary.l105.com/public/js/libraries/html2canvas.min.js:0
[  902849ms] [ERROR] Failed to load resource: the server responded with a status of 404 (Not Found) @ https://kamary.l105.com/public/js/pages/base_forms_wizard.js:0
[  902990ms] [ERROR] Failed to load resource: net::ERR_CONNECTION_CLOSED @ https://via.placeholder.com/150:0
[  904980ms] [WARNING] Google Maps JavaScript API has been loaded directly without loading=async. This can result in suboptimal performance. For best-practice loading patterns please see https://goo.gle/js-api-loading @ https://maps.googleapis.com/maps/api/js?key=AIzaSyBBPL41mFwmWqbqcMyUL3A6Y0BcDSs-7d4&language=ES&libraries=places:1519
[  905151ms] [ERROR] CKEditorError: Cannot convert undefined or null to object
Read more: https://ckeditor.com/docs/ckeditor5/latest/support/error-codes.html#error-Cannot convert undefined or null to object
    at Object.keys (<anonymous>)
    at ou.init (https://cdn.ckeditor.com/ckeditor5/36.0.1/classic/ckeditor.js:6:569572)
    at ou.<anonymous> (https://cdn.ckeditor.com/ckeditor5/36.0.1/classic/ckeditor.js:6:318383)
    at ou.fire (https://cdn.ckeditor.com/ckeditor5/36.0.1/classic/ckeditor.js:6:314751)
    at <computed> [as init] (https://cdn.ckeditor.com/ckeditor5/36.0.1/classic/ckeditor.js:6:318435)
    at https://cdn.ckeditor.com/ckeditor5/36.0.1/classic/ckeditor.js:6:728728 @ https://kamary.l105.com/public/js/produccion/custom2.js?v876138397:12
[  905152ms] [ERROR] CKEditorError: Cannot convert undefined or null to object
Read more: https://ckeditor.com/docs/ckeditor5/latest/support/error-codes.html#error-Cannot convert undefined or null to object
    at Object.keys (<anonymous>)
    at ou.init (https://cdn.ckeditor.com/ckeditor5/36.0.1/classic/ckeditor.js:6:569572)
    at ou.<anonymous> (https://cdn.ckeditor.com/ckeditor5/36.0.1/classic/ckeditor.js:6:318383)
    at ou.fire (https://cdn.ckeditor.com/ckeditor5/36.0.1/classic/ckeditor.js:6:314751)
    at <computed> [as init] (https://cdn.ckeditor.com/ckeditor5/36.0.1/classic/ckeditor.js:6:318435)
    at https://cdn.ckeditor.com/ckeditor5/36.0.1/classic/ckeditor.js:6:728728 @ https://kamary.l105.com/public/js/produccion/custom2.js?v876138397:12
[  905152ms] [ERROR] CKEditorError: Cannot convert undefined or null to object
Read more: https://ckeditor.com/docs/ckeditor5/latest/support/error-codes.html#error-Cannot convert undefined or null to object
    at Object.keys (<anonymous>)
    at ou.init (https://cdn.ckeditor.com/ckeditor5/36.0.1/classic/ckeditor.js:6:569572)
    at ou.<anonymous> (https://cdn.ckeditor.com/ckeditor5/36.0.1/classic/ckeditor.js:6:318383)
    at ou.fire (https://cdn.ckeditor.com/ckeditor5/36.0.1/classic/ckeditor.js:6:314751)
    at <computed> [as init] (https://cdn.ckeditor.com/ckeditor5/36.0.1/classic/ckeditor.js:6:318435)
    at https://cdn.ckeditor.com/ckeditor5/36.0.1/classic/ckeditor.js:6:728728 @ https://kamary.l105.com/public/js/produccion/custom2.js?v876138397:12
[  905152ms] [ERROR] CKEditorError: Cannot convert undefined or null to object
Read more: https://ckeditor.com/docs/ckeditor5/latest/support/error-codes.html#error-Cannot convert undefined or null to object
    at Object.keys (<anonymous>)
    at ou.init (https://cdn.ckeditor.com/ckeditor5/36.0.1/classic/ckeditor.js:6:569572)
    at ou.<anonymous> (https://cdn.ckeditor.com/ckeditor5/36.0.1/classic/ckeditor.js:6:318383)
    at ou.fire (https://cdn.ckeditor.com/ckeditor5/36.0.1/classic/ckeditor.js:6:314751)
    at <computed> [as init] (https://cdn.ckeditor.com/ckeditor5/36.0.1/classic/ckeditor.js:6:318435)
    at https://cdn.ckeditor.com/ckeditor5/36.0.1/classic/ckeditor.js:6:728728 @ https://kamary.l105.com/public/js/produccion/custom2.js?v876138397:12
[  905152ms] [ERROR] CKEditorError: Cannot convert undefined or null to object
Read more: https://ckeditor.com/docs/ckeditor5/latest/support/error-codes.html#error-Cannot convert undefined or null to object
    at Object.keys (<anonymous>)
    at ou.init (https://cdn.ckeditor.com/ckeditor5/36.0.1/classic/ckeditor.js:6:569572)
    at ou.<anonymous> (https://cdn.ckeditor.com/ckeditor5/36.0.1/classic/ckeditor.js:6:318383)
    at ou.fire (https://cdn.ckeditor.com/ckeditor5/36.0.1/classic/ckeditor.js:6:314751)
    at <computed> [as init] (https://cdn.ckeditor.com/ckeditor5/36.0.1/classic/ckeditor.js:6:318435)
    at https://cdn.ckeditor.com/ckeditor5/36.0.1/classic/ckeditor.js:6:728728 @ https://kamary.l105.com/public/js/produccion/custom2.js?v876138397:12
[  905152ms] [ERROR] CKEditorError: Cannot convert undefined or null to object
Read more: https://ckeditor.com/docs/ckeditor5/latest/support/error-codes.html#error-Cannot convert undefined or null to object
    at Object.keys (<anonymous>)
    at ou.init (https://cdn.ckeditor.com/ckeditor5/36.0.1/classic/ckeditor.js:6:569572)
    at ou.<anonymous> (https://cdn.ckeditor.com/ckeditor5/36.0.1/classic/ckeditor.js:6:318383)
    at ou.fire (https://cdn.ckeditor.com/ckeditor5/36.0.1/classic/ckeditor.js:6:314751)
    at <computed> [as init] (https://cdn.ckeditor.com/ckeditor5/36.0.1/classic/ckeditor.js:6:318435)
    at https://cdn.ckeditor.com/ckeditor5/36.0.1/classic/ckeditor.js:6:728728 @ https://kamary.l105.com/public/js/produccion/custom2.js?v876138397:12
[  905152ms] [ERROR] CKEditorError: Cannot convert undefined or null to object
Read more: https://ckeditor.com/docs/ckeditor5/latest/support/error-codes.html#error-Cannot convert undefined or null to object
    at Object.keys (<anonymous>)
    at ou.init (https://cdn.ckeditor.com/ckeditor5/36.0.1/classic/ckeditor.js:6:569572)
    at ou.<anonymous> (https://cdn.ckeditor.com/ckeditor5/36.0.1/classic/ckeditor.js:6:318383)
    at ou.fire (https://cdn.ckeditor.com/ckeditor5/36.0.1/classic/ckeditor.js:6:314751)
    at <computed> [as init] (https://cdn.ckeditor.com/ckeditor5/36.0.1/classic/ckeditor.js:6:318435)
    at https://cdn.ckeditor.com/ckeditor5/36.0.1/classic/ckeditor.js:6:728728 @ https://kamary.l105.com/public/js/produccion/custom2.js?v876138397:12
[  905152ms] [ERROR] CKEditorError: Cannot convert undefined or null to object
Read more: https://ckeditor.com/docs/ckeditor5/latest/support/error-codes.html#error-Cannot convert undefined or null to object
    at Object.keys (<anonymous>)
    at ou.init (https://cdn.ckeditor.com/ckeditor5/36.0.1/classic/ckeditor.js:6:569572)
    at ou.<anonymous> (https://cdn.ckeditor.com/ckeditor5/36.0.1/classic/ckeditor.js:6:318383)
    at ou.fire (https://cdn.ckeditor.com/ckeditor5/36.0.1/classic/ckeditor.js:6:314751)
    at <computed> [as init] (https://cdn.ckeditor.com/ckeditor5/36.0.1/classic/ckeditor.js:6:318435)
    at https://cdn.ckeditor.com/ckeditor5/36.0.1/classic/ckeditor.js:6:728728 @ https://kamary.l105.com/public/js/produccion/custom2.js?v876138397:12
[  905183ms] [WARNING] As of March 1st, 2025, google.maps.places.Autocomplete is not available to new customers. Please use google.maps.places.PlaceAutocompleteElement instead. At this time, google.maps.places.Autocomplete is not scheduled to be discontinued, but google.maps.places.PlaceAutocompleteElement is recommended over google.maps.places.Autocomplete. While google.maps.places.Autocomplete will continue to receive bug fixes for any major regressions, existing bugs in google.maps.places.Autocomplete will not be addressed. At least 12 months notice will be given before support is discontinued. Please see https://developers.google.com/maps/legacy for additional details and https://developers.google.com/maps/documentation/javascript/places-migration-overview for the migration guide. @ https://maps.googleapis.com/maps/api/js?key=AIzaSyBBPL41mFwmWqbqcMyUL3A6Y0BcDSs-7d4&language=ES&libraries=places:634
[  905184ms] [WARNING] As of February 21st, 2024, google.maps.Marker is deprecated. Please use google.maps.marker.AdvancedMarkerElement instead. At this time, google.maps.Marker is not scheduled to be discontinued, but google.maps.marker.AdvancedMarkerElement is recommended over google.maps.Marker. While google.maps.Marker will continue to receive bug fixes for any major regressions, existing bugs in google.maps.Marker will not be addressed. At least 12 months notice will be given before support is discontinued. Please see https://developers.google.com/maps/deprecations for additional details and https://developers.google.com/maps/documentation/javascript/advanced-markers/migration for the migration guide. @ https://maps.googleapis.com/maps/api/js?key=AIzaSyBBPL41mFwmWqbqcMyUL3A6Y0BcDSs-7d4&language=ES&libraries=places:1620
[  905185ms] [LOG] ======================= @ https://kamary.l105.com/public/js/produccion/custom2.js?v876138397:19313
